,family_origin,M00001,M00002,M00003,M00004,M00005,M00006,M00007,M00008,M00009,M00010,M00011,M00012,M00013,M00014,M00015,M00016,M00017,M00018,M00019,M00020,M00021,M00022,M00023,M00024,M00025,M00026,M00027,M00028,M00030,M00031,M00032,M00033,M00034,M00035,M00036,M00038,M00040,M00045,M00046,M00048,M00049,M00050,M00051,M00052,M00053,M00060,M00061,M00063,M00064,M00076,M00077,M00078,M00079,M00081,M00082,M00083,M00086,M00087,M00088,M00089,M00093,M00095,M00096,M00098,M00113,M00114,M00115,M00116,M00117,M00118,M00119,M00120,M00121,M00122,M00123,M00124,M00125,M00126,M00127,M00129,M00131,M00133,M00135,M00136,M00140,M00141,M00165,M00166,M00167,M00168,M00170,M00171,M00172,M00173,M00176,M00307,M00308,M00344,M00345,M00346,M00357,M00358,M00364,M00365,M00366,M00367,M00368,M00373,M00374,M00375,M00376,M00377,M00378,M00432,M00433,M00525,M00526,M00527,M00529,M00530,M00531,M00532,M00535,M00545,M00546,M00549,M00550,M00552,M00554,M00555,M00565,M00568,M00569,M00570,M00572,M00573,M00577,M00579,M00580,M00596,M00609,M00620,M00631,M00632,M00633
ASM151242,Clostridiaceae_engineered,5,5,5,4,0,1,3,1,4,1,3,0,0,3,3,5,6,4,7,1,1,10,8,0,0,8,0,4,0,0,0,2,1,2,2,0,0,0,0,7,0,1,6,2,1,0,2,0,0,0,0,0,0,0,1,3,5,0,0,3,0,0,6,0,0,2,2,0,0,0,2,4,2,2,1,0,0,0,0,1,0,2,0,0,3,1,4,2,2,0,0,0,0,5,0,1,3,0,0,2,4,0,0,0,0,0,1,1,2,0,0,3,0,4,0,5,4,4,0,0,0,2,1,0,0,3,1,2,1,0,3,0,0,7,2,1,1,2,0,0,2,3,2,3,0
ASM151250,Clostridiaceae_engineered,5,5,6,2,1,0,2,0,4,1,3,0,0,0,3,7,7,5,6,1,2,9,11,1,1,10,0,1,0,0,0,2,6,2,1,1,0,0,0,9,3,3,5,2,0,0,0,0,0,0,0,0,0,0,2,6,4,0,0,3,1,0,7,0,0,2,5,1,1,0,4,4,6,3,1,1,5,2,0,1,0,7,0,0,3,1,3,2,1,0,0,0,0,8,2,4,2,0,0,2,3,0,0,0,0,0,1,1,5,0,0,3,0,3,0,8,6,8,0,0,0,1,1,0,0,2,0,2,0,0,5,0,0,6,5,1,1,2,0,1,2,6,0,0,0
ASM151255,Clostridiaceae_engineered,7,6,6,4,1,1,2,1,5,2,3,1,0,0,3,8,6,4,6,2,3,7,7,0,0,8,0,4,0,0,0,2,1,2,1,2,0,0,0,7,2,4,3,1,3,0,2,0,0,0,0,0,0,0,2,5,4,0,0,2,0,0,7,0,0,1,2,0,0,0,2,3,1,0,1,1,1,0,0,1,0,3,0,0,3,1,3,2,1,0,0,0,0,4,0,0,2,0,0,2,5,0,0,0,0,0,1,1,1,0,0,3,1,2,0,7,6,6,0,0,0,5,0,0,0,2,4,2,0,0,8,0,1,6,4,1,1,2,0,0,1,2,1,2,0
ASM164338,Clostridiaceae_hosted,6,3,3,4,0,0,3,0,3,2,1,2,0,0,2,4,2,3,5,0,1,4,7,1,1,8,0,4,0,0,0,1,1,1,1,0,1,0,0,7,3,3,4,2,1,0,0,0,0,0,0,0,0,0,0,2,1,0,1,3,1,1,9,0,0,1,2,0,0,0,4,4,0,0,1,0,4,0,5,0,0,1,0,0,3,1,3,1,2,0,0,0,0,1,0,0,1,0,1,1,2,0,0,0,0,0,1,1,4,3,0,4,0,1,0,4,2,4,0,0,0,3,0,0,2,2,0,1,0,0,5,0,0,6,2,1,1,2,1,0,2,0,0,0,0
ASM194092,Ruminococcaceae_hosted,4,3,5,2,0,0,2,0,3,1,2,0,0,0,4,7,4,4,3,2,2,7,6,1,1,8,0,3,0,0,0,2,2,3,1,0,1,0,0,9,3,4,6,2,1,0,0,0,0,0,0,0,0,0,4,5,2,0,0,3,1,0,6,0,0,2,5,0,0,1,1,4,1,6,1,1,1,1,4,0,0,3,0,0,3,1,3,1,2,0,0,0,0,6,0,3,1,1,1,2,3,0,0,0,0,0,1,1,4,0,2,4,0,2,0,7,7,8,0,0,0,4,1,0,0,1,1,1,0,0,6,0,0,3,4,1,1,2,0,0,2,4,0,2,0
ASM194099,Ruminococcaceae_hosted,6,3,5,3,1,0,2,0,3,0,3,0,0,1,3,7,4,4,0,1,3,7,6,1,1,6,0,3,0,0,0,2,2,2,0,0,1,0,0,5,1,3,6,0,4,0,0,0,0,0,0,0,0,1,0,3,0,0,0,2,0,0,6,0,0,2,5,0,0,0,0,4,1,1,2,1,1,1,3,1,0,4,1,1,3,1,3,1,2,0,0,0,0,3,0,0,1,1,1,2,3,0,0,0,0,0,1,1,1,0,0,3,0,2,0,6,4,6,0,0,0,2,0,1,0,2,2,1,1,0,5,0,1,0,3,2,2,2,0,0,1,2,0,3,0
ASM194113,Ruminococcaceae_hosted,4,3,5,2,1,0,2,0,5,1,4,0,0,3,3,6,3,3,5,1,1,7,6,1,1,10,0,0,0,0,0,1,3,1,1,0,1,0,0,9,1,3,7,2,3,0,0,0,0,0,0,0,0,0,6,5,0,0,0,3,0,1,7,0,0,1,5,0,0,0,1,4,7,1,0,1,1,2,3,2,0,6,0,0,3,1,3,1,2,0,0,0,0,6,0,1,1,1,1,3,1,0,1,1,1,1,1,1,2,0,6,4,0,2,0,6,5,6,0,0,0,5,1,0,1,2,1,1,2,0,6,0,0,5,4,0,0,1,0,0,1,3,0,4,0
ASM229329,Ruminococcaceae_hosted,7,5,6,1,1,0,1,0,4,1,3,0,0,0,3,6,3,3,6,0,1,8,1,1,1,11,0,3,0,0,0,1,5,3,1,0,1,0,0,10,1,4,7,2,2,0,0,0,0,0,0,0,0,0,5,7,2,0,0,3,0,0,5,1,0,1,5,0,0,0,1,4,1,0,0,0,1,1,0,0,0,6,0,1,3,1,3,1,2,0,0,0,0,4,0,0,1,1,1,2,3,0,0,0,0,0,1,1,1,0,4,2,0,2,0,6,5,5,0,0,0,1,0,0,0,3,1,1,2,0,6,0,0,6,5,0,0,1,0,0,1,2,0,4,0
ASM229812,Clostridiaceae_engineered,9,6,8,5,1,0,4,1,4,0,4,0,0,0,1,6,2,3,1,1,2,7,1,0,0,2,0,0,0,0,0,2,4,1,2,1,1,3,0,9,5,5,6,2,4,0,2,0,0,0,0,0,0,0,8,8,1,0,2,2,1,2,8,0,0,3,2,0,1,0,4,4,6,6,1,0,2,3,3,1,0,4,2,0,3,1,6,2,4,0,1,0,0,7,0,5,5,1,3,2,4,1,0,0,0,0,1,2,7,2,4,2,1,0,0,7,4,6,0,0,0,4,0,0,2,4,2,3,0,2,3,0,0,1,5,1,1,4,2,0,2,6,2,1,1
ASM229938,Lactobacillaceae_hosted,7,5,5,6,1,3,2,2,4,3,1,2,0,0,3,8,7,4,1,2,1,6,6,0,0,12,1,2,0,0,0,2,2,1,1,0,0,0,0,13,2,3,7,2,4,0,0,0,0,0,0,0,0,0,5,8,0,0,0,2,0,0,1,0,0,2,3,0,0,1,1,4,0,0,0,1,0,0,0,1,1,0,0,0,2,0,3,2,1,0,0,0,0,3,0,0,2,0,0,1,3,0,0,0,0,0,1,0,0,0,3,3,0,0,0,9,5,6,0,0,0,2,0,0,0,4,0,2,2,0,3,0,1,1,7,0,0,3,1,0,3,0,0,3,0
ASM229975,Lactobacillaceae_hosted,9,6,7,4,2,1,2,1,2,0,2,0,0,0,4,8,3,2,1,0,0,0,0,0,0,0,0,0,0,0,0,2,2,1,1,0,0,0,0,12,3,3,9,3,4,0,0,0,0,0,0,0,0,0,5,6,0,0,1,3,0,2,3,0,0,1,2,3,1,1,0,4,0,1,0,0,3,2,4,1,1,0,0,0,3,1,3,1,2,0,0,0,0,1,0,3,1,1,1,2,2,0,1,1,1,1,1,1,1,1,4,2,0,0,0,11,5,5,2,2,0,3,0,0,0,3,0,1,0,0,0,0,0,1,5,0,0,2,1,0,2,0,0,1,0
ASM230010,Lactobacillaceae_hosted,5,3,4,4,2,2,1,2,2,0,2,0,0,0,0,6,3,5,1,0,0,0,0,0,0,0,0,0,0,0,0,3,2,1,1,0,0,0,0,8,0,2,7,2,1,0,0,0,0,0,0,0,0,0,0,1,0,0,1,3,0,2,2,0,0,2,2,0,0,0,1,4,0,1,0,0,1,0,1,1,0,0,0,0,2,0,1,0,1,0,0,0,0,2,0,0,0,1,1,1,5,0,1,1,1,1,1,1,1,1,1,2,0,0,0,10,6,6,0,0,0,1,0,0,0,2,0,0,0,0,3,0,1,1,1,0,0,5,0,0,2,0,0,0,0
ASM230504,Ruminococcaceae_engineered,4,3,3,4,1,0,3,0,3,1,2,0,0,0,3,8,4,3,6,1,2,5,0,1,1,7,0,4,0,0,0,2,2,0,1,0,1,0,0,10,2,3,8,2,2,0,2,0,0,0,0,0,0,0,3,4,1,0,0,3,1,0,6,0,0,4,0,0,0,0,1,3,1,0,0,1,0,0,0,0,0,4,0,0,3,1,3,1,2,0,0,0,0,3,0,0,1,0,0,2,2,0,0,0,0,0,0,0,0,0,3,3,0,1,0,8,6,8,0,0,0,5,0,0,0,1,1,1,1,0,5,0,0,6,4,0,0,1,0,0,2,1,3,2,0
ASM230507,Ruminococcaceae_engineered,5,4,5,3,1,0,2,0,2,0,2,0,0,0,3,7,3,5,1,2,3,5,0,1,1,1,0,0,0,0,0,2,2,1,1,0,1,3,0,9,1,3,4,1,1,0,0,0,0,0,0,0,0,0,2,4,0,0,0,2,0,0,7,0,0,1,1,0,0,0,1,3,1,3,0,0,1,0,0,1,1,1,0,0,2,1,3,2,1,0,0,0,0,2,0,0,2,0,0,3,1,0,0,0,0,0,1,0,1,0,0,2,0,0,0,7,6,6,0,0,0,3,0,0,0,2,0,2,0,0,0,0,1,2,3,0,0,1,0,0,2,1,0,1,0
ASM230557,Ruminococcaceae_engineered,8,5,6,2,1,0,2,1,7,2,5,1,0,1,3,7,5,4,4,2,2,7,0,1,1,8,0,0,0,0,0,3,4,1,1,0,1,0,0,7,3,2,5,2,3,0,4,0,0,1,1,1,0,0,6,7,0,0,0,2,0,0,9,0,0,2,2,0,0,0,1,4,2,0,1,1,1,4,0,2,0,4,0,0,4,1,4,2,2,0,0,0,0,6,0,0,4,1,2,3,2,0,0,0,0,0,1,0,3,0,5,4,0,2,0,7,6,7,0,0,0,6,0,0,0,4,1,2,2,0,5,0,0,4,6,1,1,1,0,0,4,2,3,3,0
ASM230568,Ruminococcaceae_engineered,5,3,6,4,1,0,3,0,1,1,0,0,0,3,3,9,4,3,8,3,0,8,0,1,1,0,0,4,0,0,0,2,6,2,1,0,1,0,0,7,2,3,7,2,2,0,4,0,0,0,0,0,0,1,6,10,0,0,0,2,1,0,6,0,0,3,1,0,0,0,2,3,1,3,0,1,0,0,2,3,0,5,0,0,3,1,4,1,3,0,0,0,0,2,0,0,3,1,1,2,2,1,0,0,0,0,2,0,0,0,4,4,0,1,0,8,7,9,0,0,0,4,0,0,0,4,2,1,2,0,7,0,0,9,8,0,0,1,0,0,4,0,5,4,0
ASM230572,Ruminococcaceae_engineered,6,3,4,3,1,0,2,0,5,2,3,1,0,0,3,7,5,5,5,1,3,7,7,1,1,10,0,5,0,0,0,2,3,1,1,0,1,0,0,9,2,3,7,1,1,0,0,0,0,0,0,0,0,0,6,5,0,0,0,2,1,0,7,0,0,1,5,0,0,0,4,5,6,5,2,1,5,1,3,1,0,5,0,0,3,1,3,1,2,0,0,0,0,4,1,0,1,1,2,3,2,0,0,0,0,0,1,1,1,0,4,3,0,2,0,6,4,6,0,0,0,4,1,0,0,4,0,1,5,1,7,0,1,6,4,2,2,1,0,3,2,2,0,7,0
ASM230637,Ruminococcaceae_engineered,6,4,6,8,0,0,7,0,3,2,1,1,0,5,2,6,3,4,5,2,2,6,0,1,1,8,0,2,0,0,0,2,2,1,1,0,1,0,0,6,2,4,6,1,2,0,3,1,0,2,2,2,0,0,4,8,0,0,1,3,1,1,5,0,0,3,1,0,0,1,1,3,2,0,0,1,0,1,0,3,0,2,0,0,3,1,5,2,3,0,1,0,0,2,0,0,3,1,1,3,3,0,0,0,0,0,1,1,2,1,2,4,0,1,0,6,5,7,0,0,0,4,0,0,1,3,1,2,2,0,6,0,0,6,7,0,0,3,0,0,2,0,4,3,0
ASM230963,Ruminococcaceae_hosted,5,3,6,1,1,0,1,0,3,1,2,1,0,0,2,8,6,3,3,1,3,7,6,1,1,1,0,3,0,0,0,2,3,1,1,0,0,0,0,9,2,3,5,2,2,0,0,0,0,0,0,0,0,0,5,5,1,0,0,3,1,0,6,1,0,2,3,0,0,1,4,3,1,6,1,1,5,1,2,0,0,5,1,0,1,0,3,1,2,0,0,0,0,4,0,2,1,1,2,1,3,0,0,0,0,0,1,0,2,0,4,4,1,1,0,7,6,7,0,0,0,5,0,0,0,1,1,1,0,0,7,0,0,3,4,1,1,2,0,0,4,4,0,2,0
ASM231114,Lactobacillaceae_hosted,10,8,9,6,2,3,2,2,2,0,2,0,0,0,0,0,0,0,1,0,0,0,0,0,0,0,1,0,0,0,0,0,2,1,0,0,0,0,0,1,2,2,9,2,3,0,0,0,0,0,0,0,0,0,0,1,0,0,1,4,0,2,3,0,0,2,2,1,1,0,0,4,0,0,0,0,1,1,1,1,0,0,1,0,4,1,3,1,2,1,1,1,1,3,0,0,1,1,1,5,3,0,1,1,1,1,1,1,2,1,1,3,0,0,0,1,0,0,0,0,0,2,0,0,0,2,0,1,1,0,0,0,1,1,1,0,0,3,1,0,3,0,0,2,0
ASM231119,Lactobacillaceae_hosted,10,8,9,6,2,3,2,2,2,0,2,0,0,0,0,0,0,0,1,0,0,0,0,0,0,0,1,0,0,0,0,0,1,0,0,0,0,0,0,1,2,2,9,2,3,0,0,0,0,0,0,0,0,0,0,1,0,0,1,4,0,2,3,0,0,2,2,1,1,0,0,4,0,0,0,0,1,1,1,1,0,0,1,0,4,1,3,1,2,1,1,1,1,3,0,0,1,1,1,5,3,0,1,1,1,1,0,1,2,1,1,3,0,0,0,1,0,0,0,0,0,2,0,0,0,2,0,1,1,0,0,0,1,1,1,0,0,3,1,0,2,0,0,2,0
ASM231122,Lactobacillaceae_hosted,7,5,6,4,2,2,1,1,2,0,2,0,0,0,0,0,0,0,0,0,0,0,0,0,0,0,1,0,0,0,0,0,1,0,0,0,0,0,0,1,2,2,6,1,3,0,0,0,0,0,0,0,0,0,0,1,0,0,1,2,0,2,3,0,0,2,2,1,1,0,0,2,0,0,0,0,1,0,1,1,0,0,0,0,4,1,2,0,2,0,0,0,0,2,0,0,0,1,1,3,3,0,2,1,1,1,0,1,1,1,1,3,0,0,0,1,0,0,0,0,0,2,0,0,0,2,0,0,1,0,0,0,1,0,1,0,0,3,1,0,1,0,0,2,0
ASM231125,Lactobacillaceae_hosted,10,8,9,6,2,3,2,2,2,0,2,0,0,0,0,0,0,0,1,0,0,0,0,0,0,0,1,0,0,0,0,0,2,1,0,0,0,0,0,1,2,2,9,2,3,0,0,0,0,0,0,0,0,0,0,1,0,0,1,4,0,2,3,0,0,2,2,1,1,0,0,4,0,0,0,0,1,1,1,1,0,0,1,0,4,1,3,1,2,1,1,1,1,3,0,0,1,1,1,5,3,0,1,1,1,1,1,1,2,1,1,3,0,0,0,1,0,0,0,0,0,2,0,0,0,2,0,1,1,0,0,0,1,1,1,0,0,3,1,0,2,0,0,2,0
ASM231179,Lactobacillaceae_hosted,10,8,9,6,2,3,2,2,2,0,2,0,0,0,0,0,0,0,1,0,0,0,0,0,0,0,1,0,0,0,0,0,2,1,0,0,0,0,0,1,2,2,9,2,3,0,0,0,0,0,0,0,0,0,0,1,0,0,1,4,0,2,3,0,0,2,2,1,1,0,0,4,0,0,0,0,1,1,1,1,0,0,1,0,4,1,3,1,2,1,1,1,1,3,0,0,1,1,1,5,3,0,1,1,1,1,1,1,2,1,1,3,0,0,0,1,0,0,0,0,0,2,0,0,0,2,0,1,1,0,0,0,1,1,1,0,0,3,1,0,3,0,0,2,0
ASM231523,Ruminococcaceae_hosted,2,0,1,2,1,0,1,0,6,2,4,1,0,1,1,6,3,6,3,1,1,7,6,1,1,1,0,9,0,0,0,2,5,2,1,0,0,0,0,8,3,2,8,2,0,0,0,0,0,0,0,0,0,0,6,5,0,0,0,3,0,0,7,0,0,3,5,0,0,0,4,4,1,0,1,1,5,0,2,0,0,5,0,0,2,0,2,0,2,0,0,0,0,6,0,1,0,0,0,0,1,0,0,0,0,0,2,1,2,0,6,3,0,1,0,4,3,4,0,0,0,1,0,0,0,1,1,0,0,0,8,0,0,3,4,1,1,1,0,0,4,3,0,1,0
ASM231687,Ruminococcaceae_engineered,5,4,4,4,1,1,3,1,3,2,1,1,0,1,3,6,5,5,6,3,3,6,6,1,1,10,0,3,0,0,0,2,2,1,0,0,1,0,0,4,1,1,3,2,2,0,3,0,0,0,0,0,0,1,5,5,0,0,1,2,0,1,6,0,0,3,1,0,0,0,0,3,6,0,2,1,0,0,4,1,0,0,1,0,3,1,4,2,2,0,0,0,0,2,0,0,3,0,1,1,2,0,0,0,0,0,1,1,2,1,3,3,0,1,0,5,5,6,0,0,0,4,0,0,0,2,1,2,1,0,5,0,0,7,4,2,2,2,0,0,3,0,4,2,0
ASM231696,Lactobacillaceae_engineered,6,4,5,6,2,3,2,2,1,0,1,0,0,0,1,0,0,0,0,0,0,0,0,0,0,0,0,0,0,0,0,0,3,1,0,0,0,0,0,1,2,3,3,1,1,0,0,0,0,0,0,0,0,0,4,7,0,0,1,3,0,1,0,0,0,2,2,0,0,0,0,4,0,0,0,0,1,1,5,0,0,0,0,0,2,0,3,1,2,0,0,0,0,1,0,0,1,1,1,1,2,0,0,0,0,0,1,1,1,1,2,2,0,0,0,2,0,0,0,0,0,0,0,0,0,1,0,1,0,0,0,0,0,0,6,0,0,2,1,0,2,0,0,0,0
ASM231748,Clostridiaceae_hosted,15,4,11,14,1,6,5,8,4,2,2,1,0,3,5,13,4,4,9,1,3,10,7,1,1,10,0,3,0,0,0,2,3,1,1,0,0,0,0,9,3,2,10,2,4,0,9,0,2,3,3,3,0,0,4,6,0,0,0,2,0,0,11,0,0,4,3,0,1,0,4,2,4,4,3,0,1,2,3,3,1,1,2,0,3,1,11,1,10,0,0,0,0,4,0,1,7,6,6,5,4,0,0,0,0,0,1,1,3,0,2,3,0,1,0,11,9,12,0,1,0,9,0,0,6,6,7,5,2,0,6,0,1,10,5,3,3,4,0,0,3,1,10,6,0
ASM232055,Ruminococcaceae_hosted,2,2,2,3,1,0,3,1,3,1,2,0,0,0,1,8,5,4,3,1,2,9,1,1,1,10,0,4,0,0,0,3,1,1,1,1,1,0,0,9,2,4,8,1,1,0,3,0,0,0,0,0,0,0,0,1,1,0,0,2,1,0,9,0,0,2,3,0,0,0,1,3,1,0,0,1,1,3,4,1,0,1,0,0,4,2,3,1,2,0,0,0,0,3,0,0,3,0,0,3,2,0,0,0,0,0,1,0,1,0,0,3,0,3,0,8,7,8,0,0,0,6,1,0,0,3,0,1,2,0,4,0,0,3,1,0,0,1,0,0,2,1,3,3,0
ASM232843,Clostridiaceae_engineered,9,7,8,6,0,2,3,2,5,0,5,0,1,0,3,8,3,4,4,5,3,8,7,1,1,4,0,1,0,0,1,1,4,0,4,1,0,3,1,5,4,4,9,2,2,0,1,0,0,0,0,0,0,0,7,10,0,2,8,2,0,8,11,0,1,1,5,0,0,0,5,4,0,1,1,1,4,4,0,0,0,4,0,0,4,1,5,3,2,0,1,0,0,6,0,1,4,0,0,5,7,1,1,1,1,1,0,8,9,8,4,4,0,3,0,7,5,8,0,1,0,7,0,2,2,2,6,3,1,0,5,0,3,5,8,1,1,7,1,0,2,2,3,2,0
ASM232928,Ruminococcaceae_engineered,7,4,6,3,1,0,3,1,2,1,1,1,0,2,3,7,3,3,5,2,1,7,0,1,1,11,0,4,1,0,0,1,6,3,1,0,0,0,0,8,2,3,9,1,1,0,4,0,0,1,1,1,0,0,0,1,1,0,0,2,0,0,6,1,0,2,4,0,0,0,1,2,1,1,1,1,0,4,0,3,0,1,0,0,2,1,4,2,2,0,0,0,0,5,0,4,4,1,3,2,0,0,0,0,0,0,3,1,5,0,0,2,0,2,1,6,6,6,0,0,0,4,0,0,0,3,1,2,2,0,4,0,0,6,1,1,1,0,0,0,5,4,5,3,0
ASM232936,Ruminococcaceae_engineered,5,4,4,3,0,0,3,1,3,1,2,0,1,2,3,8,5,3,7,1,5,4,1,1,1,8,0,4,0,0,0,1,2,2,1,1,1,0,0,2,3,4,2,3,4,0,3,0,1,1,1,1,0,0,0,1,1,1,0,3,0,0,7,1,1,3,2,0,0,0,1,3,3,0,0,1,0,2,0,3,0,1,0,1,2,1,2,1,1,0,0,0,0,3,2,1,3,0,0,3,3,0,0,0,0,0,1,0,0,0,0,2,0,2,0,7,6,8,0,0,0,4,0,0,0,3,1,1,1,0,1,0,0,8,1,0,0,1,0,2,2,2,5,2,0
ASM233158,Ruminococcaceae_engineered,6,4,6,3,0,0,2,0,2,1,1,0,0,2,3,7,5,5,5,2,3,4,0,1,1,7,0,3,0,0,0,2,1,0,1,0,1,0,0,9,3,1,7,1,1,0,2,1,0,0,0,0,0,0,0,5,0,0,0,4,1,0,4,0,0,2,2,0,0,0,1,3,1,1,0,1,0,0,3,1,0,2,0,0,2,1,2,1,1,0,1,0,0,2,1,0,2,0,0,3,3,0,0,0,0,0,0,0,1,0,0,2,0,0,0,7,5,8,0,0,0,4,0,0,1,3,1,1,2,0,5,0,0,6,5,0,0,3,0,0,2,0,5,5,0
ASM233184,Ruminococcaceae_engineered,5,4,6,2,0,0,2,0,1,1,0,0,0,0,2,5,4,3,6,1,1,7,6,1,1,7,0,3,0,0,0,2,2,1,1,1,1,0,0,9,2,3,4,2,2,0,0,0,0,0,0,0,0,0,4,9,1,0,0,2,1,0,8,0,0,1,4,0,0,0,1,3,5,0,0,1,1,0,2,1,0,1,0,0,3,1,4,1,3,0,0,0,0,1,1,0,1,1,1,3,2,0,0,0,0,0,1,0,0,0,4,3,0,0,0,5,4,5,0,0,0,2,0,1,0,2,0,1,0,0,4,0,1,7,9,0,0,1,0,2,3,0,0,0,0
ASM233888,Ruminococcaceae_hosted,6,5,5,2,1,0,2,0,3,0,3,0,0,0,3,6,4,4,6,1,2,5,0,1,1,8,0,4,0,0,0,2,2,0,1,0,1,0,0,8,3,3,8,1,3,0,3,0,0,0,0,0,0,0,5,3,1,0,0,2,0,0,6,0,0,1,1,0,0,0,1,2,2,0,0,1,1,1,0,0,0,2,0,0,2,1,4,2,2,0,0,0,0,3,0,0,3,1,1,2,2,0,0,0,0,0,0,0,0,0,6,2,0,1,0,6,4,6,0,0,0,4,0,0,0,1,1,2,1,0,4,0,0,6,3,0,0,1,0,0,2,2,4,2,0
ASM235838,Lactobacillaceae_hosted,9,6,7,6,2,3,2,2,1,0,1,0,0,0,3,5,3,4,2,0,2,2,0,0,0,0,0,0,0,0,0,1,2,1,1,0,0,0,0,13,3,3,7,3,6,0,0,0,0,0,0,0,0,0,4,7,0,0,0,3,0,1,2,0,0,2,2,2,0,3,1,4,1,1,0,0,0,1,0,1,1,0,0,0,3,1,3,1,2,0,0,0,0,1,0,2,1,1,1,2,4,0,1,1,1,1,1,0,0,0,3,2,0,0,0,8,4,5,0,0,0,2,0,0,0,4,6,1,2,0,4,0,1,2,6,0,0,4,1,0,3,0,0,3,0
ASM235855,Clostridiaceae_hosted,8,5,6,4,1,1,2,2,4,2,2,1,0,1,4,5,4,4,4,0,3,9,1,1,1,11,0,4,0,0,0,2,2,1,0,0,0,0,0,10,2,2,9,1,2,0,4,0,1,0,0,0,0,0,3,6,0,0,0,3,0,0,6,0,0,3,2,0,0,1,1,2,3,5,1,0,3,0,0,1,0,1,0,0,0,0,3,1,2,0,0,0,0,3,0,0,3,0,1,2,2,0,0,0,0,0,1,1,1,0,1,2,0,1,0,6,5,4,0,1,0,3,1,0,1,3,0,1,1,0,6,0,0,5,5,1,1,2,0,0,2,0,5,2,0
ASM236205,Ruminococcaceae_hosted,4,2,4,2,2,0,2,1,1,1,0,1,0,1,3,6,7,5,5,1,4,7,5,1,1,8,0,3,0,0,1,1,3,0,1,1,1,0,0,9,2,3,5,1,3,0,6,0,0,0,0,0,0,1,5,6,4,1,0,1,1,0,7,1,0,2,1,0,0,1,4,4,1,1,3,1,4,3,3,1,0,5,0,0,2,1,2,0,2,0,0,0,0,0,0,0,3,1,1,2,3,0,0,0,0,0,0,1,0,0,3,4,0,1,0,6,6,6,0,0,0,4,0,0,0,3,1,0,2,0,5,1,0,5,5,3,3,2,0,0,3,0,7,5,0
ASM236213,Ruminococcaceae_hosted,1,1,2,2,1,0,2,0,7,3,4,2,0,0,3,7,5,5,4,1,2,8,6,1,1,10,0,4,0,0,0,2,0,0,0,0,0,0,0,7,1,3,6,2,1,0,0,0,0,0,0,0,0,0,6,5,2,0,0,2,1,0,7,0,0,2,4,1,1,0,0,3,0,6,2,1,3,0,3,0,0,1,0,0,3,1,1,0,1,0,0,0,0,5,0,0,0,0,0,2,1,0,0,0,0,0,0,0,1,0,6,3,0,1,0,6,6,5,0,0,0,3,0,1,0,1,0,0,0,0,7,0,1,5,4,2,2,1,0,0,1,2,0,2,0
ASM236217,Ruminococcaceae_hosted,5,3,5,4,2,0,3,0,4,2,2,1,0,0,3,7,6,5,5,1,3,8,6,1,1,10,0,3,0,0,0,2,4,1,1,0,1,0,0,9,1,3,7,1,1,0,0,0,0,0,0,0,0,0,6,5,2,0,0,3,1,0,5,0,0,3,5,0,0,0,1,4,1,5,1,1,6,3,3,0,0,5,0,0,3,1,4,1,3,0,0,0,0,5,0,2,1,1,1,2,1,0,0,0,0,0,1,0,3,0,6,4,0,1,0,7,6,7,0,0,0,3,0,1,0,2,0,1,1,0,7,0,1,6,4,1,1,1,0,0,3,2,0,3,0
ASM236247,Ruminococcaceae_hosted,5,4,4,1,1,0,1,0,3,1,2,0,0,0,3,6,4,3,1,1,1,0,0,0,0,7,0,0,0,0,0,2,2,1,1,0,0,0,0,2,3,4,2,1,2,0,3,0,0,0,0,0,0,0,0,1,1,0,0,2,0,0,5,0,0,1,1,0,0,0,1,3,1,0,0,1,1,0,0,0,0,1,0,0,3,1,2,1,1,0,0,0,0,3,0,0,2,1,1,2,1,0,0,0,0,0,1,0,0,0,1,3,0,1,0,7,6,7,0,0,0,5,0,0,0,1,1,1,1,0,1,0,0,1,1,0,0,1,0,0,3,1,4,2,0
ASM236319,Ruminococcaceae_hosted,6,4,5,3,2,0,3,1,3,2,1,1,0,1,3,7,8,6,4,0,3,7,6,1,1,9,0,3,0,0,1,2,4,2,1,1,1,0,0,9,2,2,6,1,3,0,6,0,0,0,0,0,0,1,6,6,4,1,0,2,1,0,7,0,0,2,4,0,0,1,4,4,1,1,3,0,5,4,3,1,0,5,0,0,3,1,3,1,2,0,0,0,0,2,0,0,4,1,1,2,3,0,0,0,0,0,1,1,1,0,4,5,0,1,0,7,7,7,0,0,0,5,0,0,0,3,1,1,2,0,5,1,0,5,5,3,3,2,0,0,4,0,7,4,0
ASM236877,Ruminococcaceae_hosted,2,2,4,3,1,0,3,0,4,2,2,2,0,1,2,6,5,3,3,1,2,6,6,1,1,10,0,3,0,0,0,2,4,1,1,0,0,0,0,8,3,3,4,2,1,0,0,0,1,0,0,0,0,0,7,5,2,0,0,3,1,0,8,0,0,2,4,0,0,1,4,3,1,5,2,1,5,1,3,1,0,5,0,0,2,0,4,1,3,0,0,0,0,4,0,2,1,0,0,2,4,0,0,0,0,0,1,0,2,0,4,3,0,1,0,6,5,6,0,0,0,4,0,0,0,1,0,1,0,0,6,0,0,3,4,2,2,2,0,0,4,4,0,2,0
ASM237182,Ruminococcaceae_hosted,5,3,4,3,1,0,2,0,7,3,4,2,0,2,3,7,6,5,4,1,3,9,6,1,1,10,0,3,0,0,0,2,4,1,1,0,1,0,0,9,3,3,7,2,3,0,0,0,0,0,0,0,0,0,7,6,2,0,0,3,0,0,8,0,0,3,5,0,0,0,3,3,1,6,3,1,5,3,4,2,0,5,1,0,3,1,3,1,2,0,0,0,0,8,0,3,1,1,1,3,3,0,0,0,0,0,1,0,4,0,6,4,0,1,0,7,6,7,0,0,0,6,0,1,0,1,1,1,1,0,7,0,1,4,5,3,3,2,0,0,4,5,0,3,0
ASM237205,Ruminococcaceae_hosted,6,4,5,4,1,0,4,1,3,2,1,1,0,1,3,5,6,3,5,1,3,4,6,1,1,3,0,3,0,0,1,1,4,1,1,1,1,0,0,7,1,2,6,1,3,0,7,0,0,0,0,0,0,1,6,6,4,1,0,2,1,0,7,0,0,2,5,0,0,1,4,3,0,1,4,1,2,1,3,1,0,5,0,0,2,0,4,1,3,0,0,0,0,2,0,0,4,1,1,1,2,0,0,0,0,0,1,1,1,0,4,3,0,1,0,5,5,5,0,0,0,4,0,0,0,2,1,1,1,0,5,1,0,6,5,4,4,1,0,0,4,0,7,3,0
ASM237238,Ruminococcaceae_hosted,5,3,4,3,1,0,2,0,8,2,6,1,0,0,2,6,6,4,6,1,1,8,6,1,1,9,0,0,0,0,0,2,3,2,1,1,1,0,0,5,2,3,5,2,1,0,0,0,0,0,0,0,0,0,4,5,0,0,0,3,0,0,5,0,0,2,4,0,0,0,1,4,1,1,0,1,2,1,0,0,0,5,0,0,3,1,3,1,2,0,0,0,0,10,0,3,1,1,1,1,1,0,0,0,0,0,1,0,4,0,5,4,0,1,0,6,4,6,0,0,0,2,0,0,0,2,1,1,2,0,6,0,0,7,4,0,0,1,0,0,1,5,0,4,0
ASM237316,Ruminococcaceae_hosted,5,3,5,3,0,0,2,0,5,2,3,2,0,1,3,7,6,6,5,1,1,8,8,1,1,10,0,4,0,0,0,2,3,1,1,0,1,0,0,8,2,3,8,2,1,1,0,0,0,0,0,0,0,0,3,6,2,0,0,2,0,0,7,0,0,3,4,0,0,1,1,4,0,6,1,1,5,1,3,1,0,3,0,0,3,1,3,1,2,0,0,0,0,5,2,2,1,1,1,2,3,0,0,0,0,0,1,1,3,0,2,3,0,2,0,7,5,7,0,0,0,3,1,1,0,1,0,1,0,0,7,0,1,6,5,1,1,2,0,3,4,2,0,2,0
ASM238220,Clostridiaceae_engineered,8,6,7,11,1,3,7,3,7,1,6,0,1,1,1,13,4,4,6,8,3,9,7,1,1,9,0,2,1,0,1,1,3,0,6,1,1,3,1,8,4,6,8,2,3,0,4,0,0,0,0,0,0,0,7,14,1,1,11,2,0,10,11,0,1,2,7,0,1,0,6,4,1,1,1,1,4,3,3,0,0,4,0,0,3,1,6,2,4,0,1,0,0,7,0,2,4,0,0,2,7,1,1,1,1,1,0,11,13,11,4,3,0,3,1,9,7,9,0,1,0,4,0,2,1,2,6,2,1,1,6,0,3,7,12,1,1,7,1,0,3,3,4,2,0
ASM238572,Ruminococcaceae_engineered,4,2,4,2,1,0,2,1,3,2,1,1,0,1,3,9,5,4,6,1,1,5,0,1,1,9,0,4,0,0,0,3,3,1,1,0,1,0,0,8,2,3,7,2,2,0,3,0,1,2,2,1,0,0,0,1,4,0,0,3,1,0,8,0,0,3,4,0,0,1,1,3,2,0,1,1,0,5,0,2,0,1,0,0,3,1,2,0,2,0,0,0,0,2,0,0,1,1,1,3,1,0,0,0,0,0,1,0,1,0,0,3,0,2,0,8,8,9,0,0,0,4,0,0,1,2,0,0,1,0,5,0,0,6,1,1,1,1,0,0,3,0,4,3,0
ASM238999,Ruminococcaceae_hosted,1,1,2,2,0,0,2,0,3,0,3,0,0,0,3,7,5,5,4,1,2,7,6,1,1,10,0,4,0,0,0,2,3,0,1,0,1,0,0,5,2,2,6,2,1,0,0,0,0,0,0,0,0,0,7,6,2,0,0,3,1,0,7,0,0,2,4,0,0,0,1,4,1,5,1,1,5,1,3,0,0,5,0,0,3,1,1,0,1,0,0,0,0,3,0,0,0,0,0,2,2,0,0,0,0,0,0,0,1,0,6,6,0,1,0,7,6,7,0,0,0,4,0,1,0,1,0,0,1,0,7,0,1,5,4,1,1,2,0,0,1,1,0,3,0
ASM239143,Ruminococcaceae_engineered,5,4,5,2,1,0,2,1,3,2,1,1,0,1,3,6,4,3,6,1,2,4,0,1,1,9,0,4,0,0,0,2,3,1,2,1,0,0,0,7,2,3,7,1,2,0,3,0,1,2,2,1,0,0,0,1,1,0,0,3,1,0,6,0,0,1,3,0,0,1,1,2,1,0,0,1,0,5,0,2,0,1,0,0,3,1,2,1,1,0,0,0,0,2,0,0,2,0,0,3,1,0,0,0,0,0,1,0,1,0,0,2,0,2,0,5,5,6,0,0,0,4,0,0,1,2,0,1,1,0,5,0,0,6,1,0,0,1,0,0,3,0,4,3,0
ASM239162,Ruminococcaceae_engineered,5,4,6,2,1,0,2,0,4,2,2,1,0,0,2,7,4,4,6,1,2,7,7,1,1,11,0,4,0,0,0,3,2,1,1,1,1,0,0,8,2,3,6,2,3,0,0,0,0,0,0,0,0,0,6,5,0,0,0,2,0,0,7,0,0,3,5,0,0,0,1,2,1,1,1,1,1,0,4,1,0,1,0,0,3,1,3,1,2,0,0,0,0,3,0,0,1,1,1,2,2,0,0,0,0,0,1,0,1,0,4,3,0,2,0,6,6,6,0,0,0,3,1,0,0,3,0,1,0,0,5,0,0,7,4,1,1,1,0,0,3,1,0,1,0
ASM239254,Ruminococcaceae_hosted,4,2,4,2,0,0,1,0,6,3,3,2,0,0,3,4,4,5,4,1,0,7,7,1,1,8,0,3,0,0,0,1,2,0,1,0,1,0,0,6,2,2,7,2,2,0,0,0,0,0,0,0,0,0,3,5,0,0,0,2,0,0,6,0,0,3,2,0,0,0,4,4,1,1,1,1,5,1,2,0,0,3,0,0,2,0,2,1,1,0,0,0,0,6,0,2,1,1,1,1,3,0,0,0,0,0,0,1,3,0,2,3,0,2,0,4,3,4,0,0,0,3,1,1,0,1,0,1,1,0,6,1,1,5,4,1,1,2,0,0,2,2,0,3,0
ASM239308,Ruminococcaceae_hosted,2,2,3,1,1,0,1,0,5,2,3,2,0,0,3,6,5,5,3,0,2,8,4,1,1,11,0,4,0,0,0,2,1,0,0,0,1,0,0,4,3,3,6,0,1,0,0,0,0,0,0,0,0,0,6,6,1,0,0,3,0,0,7,0,0,1,5,0,0,0,3,4,3,5,1,0,3,1,3,0,0,4,0,0,3,1,0,0,0,0,0,0,0,4,1,1,0,0,0,2,1,0,0,0,0,0,0,0,2,0,5,4,0,1,0,6,5,6,0,0,0,3,0,1,0,1,0,0,0,0,5,0,1,4,4,1,1,1,0,2,0,1,0,2,0
ASM239310,Ruminococcaceae_hosted,4,3,4,2,1,0,2,1,2,1,1,1,0,1,3,7,6,4,3,0,4,7,5,1,1,8,0,2,0,0,1,2,4,1,1,1,1,0,0,4,0,3,6,1,4,0,5,0,0,0,0,0,0,1,6,6,3,1,0,2,1,0,8,0,0,2,4,0,0,1,2,4,1,1,4,0,5,4,3,1,0,5,1,0,2,0,1,0,1,0,0,0,0,1,0,0,3,0,0,1,2,0,0,0,0,0,1,1,1,0,4,5,0,2,0,7,7,7,0,0,0,4,0,0,0,3,1,0,2,0,5,1,0,4,5,4,4,1,0,0,4,0,7,5,0
ASM239374,Ruminococcaceae_hosted,5,3,5,2,1,0,1,0,7,3,4,2,0,0,3,8,5,4,5,1,0,6,6,1,1,11,0,3,0,0,0,2,5,3,1,1,1,0,0,9,3,3,6,2,2,0,0,0,0,0,0,0,0,0,6,6,1,0,0,3,0,0,8,0,0,3,5,0,0,1,4,3,0,5,2,1,5,1,3,0,0,5,0,0,3,1,3,1,2,0,0,0,0,7,0,2,1,1,1,2,3,0,0,0,0,0,2,0,3,0,6,3,0,1,0,7,6,7,0,0,0,5,0,1,0,1,0,1,0,0,7,0,1,5,5,2,2,2,0,0,6,3,0,3,0
ASM239412,Ruminococcaceae_hosted,5,3,5,2,0,0,2,0,4,1,3,1,0,1,3,5,3,2,3,0,2,5,7,0,0,8,0,3,0,0,0,0,2,2,1,1,1,0,0,6,3,4,7,2,1,0,0,0,0,0,0,0,0,0,4,6,1,0,0,2,0,0,6,0,0,2,5,0,0,1,1,4,1,0,0,0,1,1,4,1,0,3,0,0,3,1,3,1,2,0,0,0,0,5,0,2,1,1,2,1,4,0,0,0,0,0,1,0,3,0,2,3,0,1,0,5,5,6,0,0,0,3,0,0,0,1,2,1,1,0,6,0,0,3,5,0,0,2,0,0,2,3,0,4,0
ASM239469,Ruminococcaceae_hosted,4,2,4,2,1,0,1,0,5,2,3,1,0,1,2,7,4,4,5,2,3,8,6,1,1,8,0,3,0,0,0,2,3,2,1,1,0,0,0,7,3,3,6,2,3,0,0,0,0,0,0,0,0,0,5,7,1,0,0,4,1,0,8,0,0,3,5,1,1,1,1,4,6,6,1,2,5,1,4,1,0,5,0,0,2,1,2,0,2,0,0,0,0,4,1,0,0,1,1,2,2,0,0,0,0,0,1,0,1,0,6,3,0,1,0,7,6,7,0,0,0,5,0,1,0,1,0,0,1,0,7,0,1,6,6,1,1,2,0,2,1,1,0,3,0
ASM239508,Ruminococcaceae_hosted,7,4,6,2,1,0,1,0,6,2,4,1,0,0,3,6,5,5,5,1,2,6,7,1,1,10,0,3,0,0,0,2,2,2,1,1,1,0,0,8,3,4,7,2,1,0,0,0,0,0,0,0,0,0,5,7,1,0,0,3,0,0,7,0,0,2,5,1,1,1,1,2,1,6,1,1,6,1,3,0,0,3,0,0,3,1,2,1,1,0,0,0,0,7,0,2,1,1,2,2,1,0,0,0,0,0,1,0,3,0,2,3,0,1,0,6,6,6,0,0,0,3,0,0,0,2,1,1,2,0,6,0,0,6,5,1,1,1,0,0,3,3,0,3,0
ASM239552,Ruminococcaceae_hosted,5,3,5,3,1,0,2,0,7,2,5,1,0,0,3,8,6,5,7,1,2,8,7,1,1,9,0,4,0,0,0,2,3,2,1,0,1,0,0,9,3,4,5,2,1,0,0,0,0,0,0,0,0,0,4,5,0,0,0,3,0,0,6,0,0,2,4,0,0,0,1,4,1,1,0,1,2,1,0,0,0,5,0,0,3,1,3,1,2,0,0,0,0,9,0,3,1,1,1,2,1,0,0,0,0,0,1,1,4,0,4,4,0,1,0,7,6,7,0,0,0,3,0,0,0,2,0,1,2,0,6,0,0,8,4,0,0,1,0,0,2,5,0,4,0
ASM239614,Ruminococcaceae_hosted,6,4,6,3,0,0,2,0,4,2,2,1,0,0,3,6,5,5,6,0,3,7,3,1,1,11,0,3,0,0,0,3,2,1,1,1,1,0,0,9,2,3,4,2,2,0,0,0,0,0,0,0,0,0,3,5,2,0,0,4,0,0,5,0,0,2,4,0,0,0,1,3,1,0,1,0,0,0,3,1,0,1,1,0,3,1,4,1,3,0,0,0,0,3,0,0,1,1,1,3,1,0,0,0,0,0,1,0,1,0,3,3,0,2,0,5,4,5,0,0,0,4,1,0,0,3,0,1,1,0,3,0,0,7,5,1,1,1,0,0,2,0,0,2,0
ASM239700,Ruminococcaceae_engineered,5,3,6,2,1,0,2,0,1,0,1,0,0,0,3,6,3,4,5,1,2,3,1,0,0,8,0,1,0,0,0,1,2,1,1,0,1,0,0,8,3,2,4,2,3,0,0,0,0,0,0,0,0,0,3,6,0,0,1,2,0,1,4,0,0,1,1,0,0,0,1,5,1,2,1,0,4,0,2,1,0,1,0,0,3,1,4,1,3,0,0,0,0,1,0,0,1,1,2,2,1,0,0,0,0,0,1,2,2,1,1,3,0,0,0,5,4,6,0,0,0,5,0,0,0,3,2,1,2,1,4,0,0,5,4,1,1,1,0,0,3,0,0,2,0
ASM239701,Clostridiaceae_engineered,6,4,6,5,1,1,3,0,5,1,4,0,0,0,0,5,1,1,0,0,0,7,0,1,1,1,0,0,0,0,0,1,3,0,0,0,0,3,0,8,3,4,1,2,1,0,0,0,0,0,0,0,0,0,0,1,0,0,0,2,2,0,7,0,0,3,1,0,0,0,0,4,0,0,0,0,0,0,3,1,0,4,0,0,3,1,3,0,3,0,1,0,0,5,0,0,0,0,0,2,4,1,0,0,0,0,0,0,1,0,0,2,0,0,0,7,3,5,0,1,0,3,0,0,0,4,2,0,2,0,1,0,0,0,1,0,0,4,0,0,1,2,0,3,0
ASM239704,Lactobacillaceae_engineered,7,5,6,6,2,3,2,2,0,0,0,0,0,1,1,0,0,0,0,0,0,0,0,0,0,0,0,0,0,0,0,0,3,1,0,0,0,0,0,1,2,2,9,2,1,0,0,0,0,0,0,0,0,0,7,7,0,0,1,3,0,1,0,0,0,2,2,0,0,0,0,4,0,0,0,0,1,1,4,1,0,0,0,0,3,1,3,1,2,0,0,0,0,0,0,0,1,1,1,3,2,0,0,0,0,0,1,1,1,1,4,2,0,0,0,1,0,0,0,0,0,2,0,0,0,2,0,1,0,0,0,0,0,0,6,0,0,2,1,0,2,0,0,0,0
ASM239716,Ruminococcaceae_engineered,4,4,6,1,1,0,1,0,3,2,1,1,0,0,3,8,5,5,7,2,2,2,11,0,0,12,0,4,0,0,0,2,3,1,1,0,0,0,0,6,4,4,7,3,3,0,0,0,0,0,0,0,0,0,9,6,0,0,1,2,1,1,7,0,0,2,5,0,0,0,4,4,6,0,3,1,4,1,4,0,0,3,0,0,3,1,3,2,1,0,0,0,0,2,1,0,2,0,0,3,2,0,0,0,0,0,1,2,2,1,6,3,0,1,0,7,5,8,0,0,0,5,0,0,0,2,0,2,2,1,6,0,0,8,4,3,3,2,0,2,3,0,0,3,0
ASM239720,Ruminococcaceae_engineered,5,3,5,4,1,1,3,1,2,1,1,0,0,2,3,5,4,4,6,2,3,7,6,1,1,2,0,4,0,0,0,1,2,1,0,1,1,0,0,7,3,3,6,2,1,0,3,0,0,0,0,0,0,1,5,4,0,0,1,3,0,1,3,0,0,3,2,0,0,0,0,2,1,0,1,1,0,0,4,1,0,0,1,0,3,1,5,1,4,0,0,0,0,2,0,0,2,1,2,1,2,0,0,0,0,0,1,1,2,1,3,3,0,1,0,4,2,5,0,0,0,5,0,0,0,3,1,1,2,0,1,0,0,7,3,1,1,2,0,0,2,0,4,3,0
ASM239723,Lactobacillaceae_engineered,8,6,7,6,2,2,3,2,0,0,0,0,0,0,1,0,0,0,0,0,0,0,0,0,0,0,0,0,0,0,0,0,3,1,0,0,0,0,0,1,2,2,8,2,1,0,0,0,0,0,0,0,0,0,5,6,0,0,1,3,0,1,1,0,0,2,2,0,0,0,0,4,0,1,0,0,1,1,4,1,0,0,0,0,3,1,3,1,2,0,0,0,0,0,0,0,1,1,1,3,2,0,0,0,0,0,1,1,1,1,2,2,0,0,0,2,0,0,0,0,0,2,0,0,0,2,0,1,0,0,0,0,0,0,5,0,0,2,1,0,2,0,0,0,0
ASM239770,Ruminococcaceae_engineered,3,3,4,2,1,0,2,0,1,0,1,0,0,0,3,6,2,3,7,3,2,5,2,0,0,8,0,3,0,0,0,0,2,1,1,0,1,0,0,7,3,3,5,3,3,0,0,0,0,0,0,0,0,0,5,4,0,0,0,0,0,0,5,0,0,1,2,0,0,0,1,5,1,0,1,1,5,0,5,1,0,1,0,0,3,1,4,2,2,0,0,0,0,1,0,0,2,0,0,1,1,0,0,0,0,0,1,1,1,0,3,3,0,0,0,5,3,5,0,0,0,3,0,0,0,3,2,2,2,1,6,0,0,8,3,1,1,1,0,0,3,0,0,3,0
ASM239787,Lactobacillaceae_engineered,6,4,5,5,2,2,2,2,0,0,0,0,0,0,1,0,0,0,0,0,0,0,0,0,0,0,0,0,0,0,0,0,3,1,0,0,0,0,0,1,2,1,9,1,2,0,0,0,0,0,0,0,0,0,6,7,0,0,2,3,0,2,0,0,0,2,1,0,0,0,0,4,0,1,0,0,1,1,4,1,0,0,0,0,3,1,3,1,2,0,0,0,0,0,0,0,1,1,1,3,2,0,0,0,0,0,1,2,2,2,4,2,0,0,0,2,0,0,0,0,0,1,0,0,0,2,0,1,0,0,0,0,0,0,6,0,0,2,1,0,2,0,0,0,0
ASM239790,Ruminococcaceae_engineered,5,4,5,3,1,0,3,0,3,2,1,1,0,0,3,7,5,4,7,2,2,6,2,1,1,10,0,4,0,0,0,1,3,1,1,0,0,0,0,8,2,2,7,2,3,0,0,0,0,0,0,0,0,0,5,5,0,0,1,2,1,1,6,0,0,2,2,0,0,0,4,4,1,0,1,1,4,0,2,1,0,1,0,0,3,1,5,2,3,0,0,0,0,2,0,0,2,0,1,1,2,0,0,0,0,0,1,1,2,1,4,3,0,1,0,6,4,7,0,0,0,3,0,0,0,3,0,2,1,0,6,0,0,8,4,1,1,2,0,0,4,0,0,2,0
ASM239804,Ruminococcaceae_engineered,4,4,5,2,1,0,2,0,4,3,1,1,0,0,2,8,5,5,7,2,2,6,4,1,1,11,0,4,0,0,0,2,3,1,1,0,1,0,0,7,3,3,7,3,3,0,0,0,0,0,0,0,0,0,9,6,0,0,1,2,1,1,7,0,0,3,5,0,0,0,4,4,6,0,2,1,5,1,4,1,0,3,0,0,3,1,4,2,2,0,0,0,0,3,1,0,2,0,0,3,3,0,0,0,0,0,1,2,2,1,6,3,0,1,0,7,5,8,0,0,0,5,0,0,0,3,0,2,2,1,5,0,0,8,4,2,2,3,0,2,3,0,0,3,0
ASM239824,Lactobacillaceae_engineered,10,7,8,9,2,3,5,3,5,0,5,0,0,0,3,10,6,5,2,0,1,7,6,0,0,10,1,2,0,0,0,2,2,1,2,0,0,0,0,12,4,4,11,2,5,0,3,0,0,0,0,0,0,0,10,8,0,0,0,3,0,1,3,0,0,2,2,1,2,2,3,4,1,0,0,0,4,4,2,1,1,0,0,0,3,1,6,2,4,0,0,0,0,5,1,2,4,1,1,3,4,0,1,1,1,1,1,0,1,0,8,3,0,0,0,11,6,6,0,0,0,5,0,0,0,4,1,2,2,0,3,0,1,2,6,0,0,4,2,0,3,0,3,3,0
ASM239852,Ruminococcaceae_engineered,4,4,4,1,0,0,1,0,1,1,0,0,0,1,1,7,3,4,3,1,2,5,4,1,1,1,0,3,0,0,0,1,2,1,1,0,1,0,0,8,3,3,6,2,1,0,0,0,0,0,0,0,0,0,6,5,0,0,1,4,0,1,7,0,0,2,4,0,0,0,1,4,0,0,1,1,4,0,3,0,0,1,1,0,2,1,3,2,1,0,0,0,0,1,0,0,2,0,0,2,2,0,0,0,0,0,1,1,1,1,4,2,0,1,0,6,4,6,0,0,0,3,0,0,0,1,0,2,2,0,1,0,0,4,4,1,1,2,0,0,3,0,0,3,0
ASM239860,Clostridiaceae_engineered,5,3,4,3,0,0,2,0,4,1,3,0,0,0,0,2,0,0,0,0,0,7,0,1,1,1,0,0,0,1,0,0,7,1,0,0,0,2,0,3,3,3,4,1,1,0,0,0,0,0,0,0,0,0,0,0,0,0,0,3,2,0,7,0,0,4,2,0,0,0,0,3,1,0,0,0,0,0,0,1,0,4,0,0,3,1,2,0,2,0,1,0,0,4,0,0,0,0,0,2,4,1,0,0,0,0,1,0,1,0,0,2,0,1,0,2,0,2,0,1,0,3,1,0,0,4,0,0,2,0,1,0,0,0,0,0,0,4,0,0,3,1,0,3,0
ASM239870,Clostridiaceae_engineered,9,5,7,6,1,1,4,0,2,1,1,0,0,1,0,7,6,5,5,0,0,5,6,2,2,10,1,4,0,0,0,1,5,2,1,0,1,0,1,8,3,3,9,3,2,0,0,0,0,0,0,0,0,0,4,5,1,0,2,2,1,2,6,0,0,4,6,0,0,0,1,5,3,7,1,0,5,3,3,2,0,4,0,0,3,1,5,1,4,0,0,0,0,2,4,1,1,1,1,2,2,1,0,0,0,0,2,2,3,2,2,2,0,2,0,7,4,5,0,0,1,1,1,0,3,5,1,1,0,0,4,0,0,6,4,1,1,2,0,2,3,0,2,0,0
ASM239874,Ruminococcaceae_engineered,4,4,4,2,1,0,2,0,1,1,0,0,0,1,3,7,3,3,1,1,2,5,6,0,0,11,0,3,0,0,0,1,2,1,1,0,1,0,0,7,3,2,5,2,1,0,0,0,0,0,0,0,0,0,6,5,0,0,1,4,0,1,7,0,0,3,5,0,0,0,1,4,1,0,2,1,5,0,3,1,0,1,1,0,2,1,4,3,1,0,0,0,0,1,0,0,3,0,0,3,2,0,0,0,0,0,1,1,1,1,4,2,0,0,0,6,4,7,0,0,0,4,0,0,0,3,1,3,2,0,1,0,0,2,4,2,2,2,0,0,3,0,0,3,0
ASM239894,Clostridiaceae_engineered,4,3,4,4,0,1,3,0,6,1,5,0,0,0,0,5,1,1,0,0,0,6,0,0,0,1,0,0,0,0,0,1,6,1,0,0,0,2,0,2,3,4,4,1,1,0,0,0,0,0,0,0,0,0,0,1,0,0,0,2,2,0,7,0,0,3,2,0,0,0,0,4,0,0,0,0,0,0,0,1,0,4,0,0,3,1,2,0,2,0,1,0,0,6,0,0,0,0,0,2,4,1,0,0,0,0,1,0,1,0,0,2,0,0,0,6,3,5,0,1,0,3,0,0,1,4,0,0,2,0,1,0,0,0,1,0,0,4,0,0,3,2,0,3,0
ASM239900,Ruminococcaceae_engineered,7,3,7,4,1,1,3,1,3,2,1,1,0,2,3,6,5,4,6,2,3,6,6,1,1,11,0,3,0,0,0,2,2,1,0,1,1,0,0,7,3,4,6,2,2,0,3,0,0,0,0,0,0,0,5,4,0,0,1,3,0,1,7,0,0,3,1,0,0,0,0,3,7,0,1,1,0,0,4,1,0,1,1,0,3,1,7,1,6,0,0,0,0,2,0,0,2,3,4,1,2,0,0,0,0,0,1,1,2,1,3,3,0,0,0,7,5,8,0,0,0,5,0,0,0,3,1,1,2,0,6,0,0,7,3,1,1,2,0,0,3,0,6,3,0
ASM239936,Ruminococcaceae_engineered,5,4,5,3,1,0,3,0,3,2,1,1,0,0,3,4,4,3,7,2,2,6,2,1,1,3,0,4,0,0,0,0,3,1,1,0,1,0,0,8,2,3,7,2,3,0,0,0,0,0,0,0,0,0,5,5,0,0,1,2,0,1,4,0,0,2,2,0,0,0,4,4,1,0,1,1,4,0,3,1,0,1,0,0,3,1,5,2,3,0,0,0,0,2,0,0,2,0,1,1,2,0,0,0,0,0,1,1,2,1,4,3,0,1,0,3,1,4,0,0,0,3,0,0,0,3,0,2,1,0,6,0,0,8,4,1,1,2,0,0,4,0,0,2,0
ASM239942,Clostridiaceae_engineered,4,3,5,3,1,0,3,0,5,1,4,0,0,0,0,5,1,1,0,0,2,7,0,1,1,1,0,0,0,1,0,1,6,1,0,0,0,2,0,2,3,4,1,1,1,0,0,0,0,0,0,0,0,0,0,1,0,0,0,1,2,0,6,0,0,2,2,0,0,0,0,3,0,0,0,0,0,0,0,0,0,4,0,0,2,0,3,0,3,0,1,0,0,5,0,0,0,0,0,0,4,1,0,0,0,0,1,0,1,0,0,2,0,0,0,6,3,5,0,1,0,2,0,0,0,3,0,0,2,0,1,0,0,0,1,0,0,4,0,0,3,2,0,2,0
ASM240001,Ruminococcaceae_engineered,9,7,9,4,1,0,4,1,3,2,1,1,0,3,3,8,5,6,7,1,2,6,5,1,1,10,1,4,0,0,0,3,5,1,1,1,1,0,0,7,3,3,5,2,1,0,2,0,0,0,0,0,0,0,6,7,0,0,1,3,0,1,8,0,0,3,2,1,0,0,1,5,1,0,0,1,1,0,2,1,0,5,0,0,3,1,7,3,4,0,0,0,0,2,0,0,5,1,3,2,3,0,0,0,0,0,1,2,2,1,4,2,0,1,0,8,6,8,0,0,0,3,0,0,0,3,5,4,2,1,6,0,0,9,6,0,0,3,1,0,3,0,2,3,0
ASM240008,Clostridiaceae_engineered,5,4,6,3,0,0,3,0,4,1,3,0,0,0,0,5,1,1,0,0,0,7,0,1,1,1,0,0,0,0,0,1,6,1,0,0,0,2,0,6,2,4,4,2,1,0,0,0,0,0,0,0,0,0,0,1,0,0,0,3,3,0,7,0,0,2,2,0,0,0,0,3,0,0,1,0,0,0,0,1,0,4,0,0,4,2,3,0,3,0,1,0,0,4,0,0,0,0,0,3,4,1,0,0,0,0,1,0,1,0,0,2,0,0,0,6,3,5,0,1,0,4,0,0,0,4,2,0,2,0,1,0,0,0,1,1,1,4,0,0,3,2,0,3,0
ASM240009,Lactobacillaceae_engineered,5,3,4,7,2,4,2,3,0,0,0,0,0,0,1,0,0,0,0,0,0,0,0,0,0,0,1,0,0,0,0,0,3,1,0,0,0,0,0,1,2,3,7,1,1,0,0,0,0,0,0,0,0,0,6,7,0,0,1,3,0,1,0,0,0,2,1,0,0,0,0,4,0,1,0,0,1,0,4,1,0,0,0,0,3,1,3,1,2,0,0,0,0,0,0,0,1,1,1,2,2,0,0,0,0,0,1,1,1,1,4,2,0,0,0,2,0,0,0,0,0,2,0,0,0,2,0,1,0,0,0,0,0,0,6,0,0,2,1,0,2,0,0,1,0
ASM240028,Lactobacillaceae_engineered,7,5,6,6,2,3,2,2,0,0,0,0,0,0,1,0,0,0,0,0,0,0,0,0,0,0,1,0,0,0,0,0,3,1,0,0,0,0,0,1,2,3,6,1,2,0,0,0,0,0,0,0,0,0,3,4,0,0,0,2,0,0,0,0,0,2,1,0,0,0,0,4,0,0,0,0,1,1,5,0,0,0,0,0,2,0,3,1,2,0,0,0,0,0,0,0,1,1,1,2,2,0,0,0,0,0,1,0,0,0,1,2,0,0,0,2,0,0,0,0,0,1,0,0,0,1,0,1,0,0,0,0,0,0,3,0,0,2,1,0,2,0,0,0,0
ASM240032,Clostridiaceae_engineered,5,3,4,3,1,0,2,0,5,1,4,0,0,0,0,5,1,1,0,0,2,7,0,1,1,1,0,0,0,0,0,1,6,1,0,0,0,2,0,6,3,4,4,2,1,0,0,0,0,0,0,0,0,0,0,1,0,0,0,2,2,0,5,0,0,3,2,0,0,0,0,3,0,0,0,0,0,0,0,1,0,3,0,0,3,1,2,0,2,0,1,0,0,5,0,0,0,0,0,1,4,1,0,0,0,0,1,0,1,0,0,2,0,0,0,6,3,5,0,1,0,3,0,0,1,4,2,0,2,0,1,0,0,0,1,0,0,4,0,0,3,2,0,2,0
ASM240476,Ruminococcaceae_hosted,7,4,5,3,1,0,2,0,5,2,3,1,0,0,3,7,6,4,5,1,3,9,6,1,1,10,0,3,0,0,0,2,4,1,1,0,1,0,0,9,3,3,7,2,2,0,0,0,0,0,0,0,0,0,6,8,1,0,0,2,1,0,9,0,0,3,5,0,0,0,1,3,1,0,1,1,5,0,3,0,0,5,0,0,2,1,3,1,2,0,0,0,0,6,0,2,1,1,2,3,1,0,0,0,0,0,1,1,3,0,4,2,0,1,0,7,5,7,0,0,0,4,0,0,0,1,0,1,0,0,6,0,0,6,6,1,1,1,0,0,5,4,0,2,0
ASM240767,Ruminococcaceae_engineered,4,4,5,4,1,1,3,1,3,2,1,1,0,1,3,8,5,5,3,3,3,6,6,1,1,11,0,4,0,0,0,2,2,1,0,1,1,0,0,7,3,3,6,1,1,0,4,0,0,0,0,0,0,1,5,5,0,0,1,2,0,1,7,0,0,4,2,0,0,0,0,3,6,0,2,1,0,0,0,1,0,1,1,0,3,1,5,2,3,0,0,0,0,2,0,0,3,0,0,1,2,0,0,0,0,0,1,1,2,1,3,3,0,1,0,7,5,7,0,0,0,3,0,0,0,3,1,2,2,0,4,0,0,4,4,2,2,2,0,0,3,0,4,3,0
ASM240794,Ruminococcaceae_engineered,4,1,4,3,1,1,2,1,2,1,1,1,1,2,3,4,4,4,4,3,2,6,3,1,1,9,0,3,0,0,0,1,2,1,1,1,1,0,0,6,3,1,6,2,2,0,4,0,0,0,0,0,0,1,5,5,0,0,1,2,0,1,4,0,0,4,2,0,0,0,0,1,5,0,4,1,0,0,4,1,0,1,1,0,2,1,5,1,4,0,0,0,0,1,0,0,2,2,3,1,2,0,0,0,0,0,1,1,2,1,3,2,0,1,0,3,1,4,0,0,0,4,0,0,0,3,1,1,2,0,5,0,0,4,4,4,4,2,0,0,2,0,4,3,0
ASM240802,Lactobacillaceae_engineered,7,5,6,4,2,2,1,2,0,0,0,0,0,0,1,0,0,0,0,0,0,0,0,0,0,0,1,0,0,0,0,0,3,1,0,0,0,0,0,1,2,2,5,2,2,0,0,0,0,0,0,0,0,0,7,7,0,0,1,2,0,1,1,0,0,2,2,0,0,0,0,4,0,0,0,0,1,1,4,1,0,0,0,0,2,0,2,1,1,0,0,0,0,1,0,0,1,1,1,1,2,0,0,0,0,0,1,1,2,1,5,2,0,0,0,2,0,0,0,0,0,1,0,0,0,2,1,1,0,0,0,0,0,0,6,0,0,2,0,0,2,0,0,0,0
ASM240821,Ruminococcaceae_engineered,6,3,6,4,1,1,3,1,2,1,1,0,0,2,3,7,5,5,6,3,3,5,6,1,1,10,0,3,0,0,0,2,2,1,1,1,1,0,0,7,3,3,6,1,2,0,4,0,0,0,0,0,0,1,5,5,0,0,1,3,0,1,7,0,0,4,2,0,0,0,0,3,1,0,2,1,0,0,4,1,0,1,1,0,3,1,6,1,5,0,0,0,0,2,0,0,2,2,3,1,2,0,0,0,0,0,1,1,2,1,3,3,0,1,0,7,5,8,0,0,0,4,0,0,0,3,1,1,2,0,2,0,0,7,4,2,2,2,0,0,3,0,6,3,0
ASM240920,Lactobacillaceae_engineered,7,5,6,5,2,2,2,2,1,0,1,0,0,0,1,0,0,0,0,0,0,0,0,0,0,0,0,0,0,0,0,0,2,1,0,0,0,0,0,1,2,3,9,1,2,0,0,0,0,0,0,0,0,0,7,5,0,0,1,3,0,1,1,0,0,2,2,0,0,0,0,4,0,0,0,0,1,0,5,0,0,0,0,0,2,1,3,1,2,0,0,0,0,2,0,0,1,1,1,1,2,0,0,0,0,0,1,1,2,1,5,1,0,0,0,2,0,0,0,0,0,2,0,0,0,1,0,1,0,0,0,0,0,0,4,0,0,2,1,0,2,0,0,0,0
ASM240958,Ruminococcaceae_engineered,6,6,6,3,1,0,3,1,3,2,1,1,0,3,3,8,5,5,5,1,3,6,6,1,1,10,1,4,0,0,0,3,5,1,1,1,1,0,0,8,3,4,5,2,1,0,2,0,0,0,0,0,0,0,5,7,0,0,1,3,0,1,9,0,0,3,5,1,0,0,1,5,1,0,0,1,0,0,3,1,0,5,0,0,3,1,4,2,2,0,0,0,0,2,0,0,4,0,1,2,3,0,0,0,0,0,1,2,2,1,3,2,0,1,0,8,6,8,0,0,0,3,0,0,0,2,6,3,0,1,6,0,0,6,6,0,0,3,1,0,3,0,2,0,0
ASM240986,Ruminococcaceae_engineered,5,4,5,3,1,0,3,0,3,2,1,1,0,0,3,3,4,2,7,2,2,6,2,1,1,3,0,4,0,0,0,0,3,1,1,0,1,0,0,8,2,2,7,2,3,0,0,0,0,0,0,0,0,0,5,5,0,0,1,1,0,1,4,0,0,2,2,0,0,0,4,4,1,0,1,1,4,0,3,1,0,1,0,0,3,1,5,2,3,0,0,0,0,2,0,0,2,0,1,1,2,0,0,0,0,0,1,1,2,1,4,3,0,1,0,2,0,3,0,0,0,3,0,0,0,3,0,2,1,0,6,0,0,8,4,1,1,2,0,0,4,0,0,2,0
ASM240999,Clostridiaceae_engineered,8,5,8,7,1,3,4,4,4,2,2,1,0,0,2,10,4,2,8,2,2,7,5,1,1,9,0,0,1,0,0,2,0,0,1,0,0,0,1,9,4,4,11,2,4,0,7,0,2,0,0,0,0,1,2,5,0,0,0,2,0,0,9,0,0,1,2,1,0,0,2,5,3,4,1,1,1,1,0,0,1,0,3,0,3,1,6,1,5,0,1,0,0,3,0,0,4,2,2,5,1,0,0,0,0,0,0,1,1,0,2,3,0,1,1,10,7,11,0,0,0,7,0,0,3,5,8,3,2,0,2,0,0,9,5,1,1,1,0,0,1,0,6,3,0
ASM241028,Lactobacillaceae_engineered,6,4,5,6,2,3,2,2,0,0,0,0,0,0,1,0,0,0,0,0,0,0,0,0,0,0,0,0,0,0,0,0,3,1,0,0,0,0,0,1,2,3,7,2,1,0,0,0,0,0,0,0,0,0,7,7,0,0,1,3,0,1,0,0,0,2,1,0,0,0,0,4,0,0,0,0,1,1,4,0,0,0,0,0,2,0,3,1,2,0,0,0,0,0,0,0,1,1,1,1,2,0,0,0,0,0,1,1,1,1,4,2,0,0,0,2,0,0,0,0,0,1,0,0,0,1,0,1,0,0,0,0,0,0,6,0,0,2,1,0,2,0,0,0,0
ASM241058,Ruminococcaceae_engineered,5,4,7,3,1,0,3,0,5,2,3,1,0,0,3,4,4,3,7,2,2,6,2,1,1,3,0,4,0,0,0,0,3,1,1,0,1,0,0,9,2,3,7,2,4,0,0,0,0,0,0,0,0,0,5,5,0,0,1,2,0,1,4,0,0,2,2,0,0,0,4,4,1,0,1,1,4,0,3,1,0,1,0,0,3,1,5,2,3,0,0,0,0,4,0,0,2,0,1,1,2,0,0,0,0,0,1,1,2,1,4,3,0,1,0,3,1,4,0,0,0,3,0,0,0,3,0,2,1,0,5,0,0,8,4,1,1,2,0,0,4,2,0,2,0
ASM241066,Clostridiaceae_engineered,10,5,8,8,1,1,6,0,2,1,1,0,0,1,0,7,7,6,7,1,2,5,6,2,2,10,1,1,0,0,0,1,4,1,3,0,1,0,1,9,3,4,10,3,3,0,0,0,0,0,0,0,0,0,4,5,2,0,2,2,2,2,7,0,0,5,6,0,0,0,5,5,5,7,2,0,5,3,3,2,0,4,0,0,3,1,8,1,7,0,0,0,0,2,4,1,1,2,2,3,2,1,0,0,0,0,1,2,4,3,2,2,0,3,0,7,4,6,0,0,1,5,1,0,3,5,2,1,0,0,4,0,0,8,4,2,2,2,1,2,4,0,0,0,0
ASM241067,Ruminococcaceae_engineered,5,4,5,3,1,0,3,0,3,2,1,1,0,0,3,3,4,2,7,2,2,6,2,1,1,3,0,4,0,0,0,0,3,1,1,0,0,0,0,8,2,2,7,2,3,0,0,0,0,0,0,0,0,0,5,5,0,0,1,1,0,1,4,0,0,2,2,0,0,0,4,4,1,0,1,1,4,0,3,1,0,1,0,0,3,1,5,2,3,0,0,0,0,2,0,0,2,0,1,1,2,0,0,0,0,0,1,1,2,1,4,3,0,1,0,2,0,3,0,0,0,3,0,0,0,3,0,2,1,0,6,0,0,8,4,1,1,2,0,0,4,0,0,2,0
ASM241122,Ruminococcaceae_engineered,5,4,4,2,1,0,2,0,3,2,1,1,0,0,3,7,4,4,7,2,2,6,2,1,1,9,0,4,0,0,0,1,3,1,1,0,1,0,0,8,2,3,5,2,3,0,0,0,0,0,0,0,0,0,5,5,0,0,1,2,1,1,5,0,0,2,2,0,0,0,4,4,1,0,1,1,4,0,3,1,0,1,0,0,2,1,3,2,1,0,0,0,0,2,0,0,2,0,1,1,1,0,0,0,0,0,1,1,2,1,4,2,0,1,0,5,4,7,0,0,0,3,0,0,0,3,0,2,1,0,6,0,0,8,4,1,1,1,0,0,4,0,0,2,0
ASM241136,Ruminococcaceae_engineered,4,4,4,2,1,0,2,0,1,1,0,0,0,1,3,6,3,4,3,1,2,5,6,1,1,10,0,3,0,0,0,1,2,1,1,0,1,0,0,7,2,3,6,2,1,0,0,0,0,0,0,0,0,0,6,5,0,0,1,4,0,1,7,0,0,3,5,0,0,0,1,4,1,0,2,1,5,0,3,1,0,1,1,0,2,1,3,2,1,0,0,0,0,1,0,0,2,0,0,1,2,0,0,0,0,0,1,1,1,1,4,1,0,1,0,6,4,7,0,0,0,3,0,0,0,3,0,2,2,0,1,0,0,4,4,2,2,2,0,0,3,0,0,3,0
ASM241786,Lactobacillaceae_engineered,6,4,5,6,2,3,2,2,3,0,3,0,0,0,1,0,0,0,0,0,0,0,2,0,0,0,0,0,0,0,0,0,2,1,0,0,0,0,0,0,0,2,4,2,1,0,0,0,0,0,0,0,0,0,6,7,0,0,1,3,0,1,0,0,0,2,1,0,0,0,0,3,1,0,0,0,1,0,3,1,0,0,0,0,2,0,3,1,2,0,0,0,0,5,0,0,1,1,1,2,2,0,0,0,0,0,1,1,3,1,5,2,0,0,0,0,0,0,0,0,0,2,0,0,0,2,2,1,0,0,0,0,1,0,6,0,0,2,1,0,2,0,0,0,0
ASM241789,Lactobacillaceae_engineered,10,8,9,6,2,3,2,2,1,0,1,0,0,0,0,6,4,6,1,1,0,0,0,0,0,0,0,0,0,0,0,3,2,1,1,0,0,0,0,16,5,3,9,2,2,0,0,0,0,0,0,0,0,0,6,5,0,0,1,4,0,2,2,0,0,2,2,0,0,0,1,4,0,1,0,0,3,1,2,2,0,0,0,0,5,2,4,2,2,0,0,0,0,1,0,0,2,1,1,4,4,0,1,1,1,1,1,1,1,1,4,3,0,0,0,11,6,6,0,0,0,4,0,0,0,3,0,2,0,0,0,0,1,1,3,0,0,4,1,0,3,0,0,0,0
ASM241794,Lactobacillaceae_engineered,5,4,4,9,1,4,5,2,3,0,3,0,0,0,1,10,3,2,1,3,2,0,0,0,0,0,0,0,0,0,0,2,2,1,0,0,0,0,0,1,4,4,8,2,4,0,1,0,0,0,0,0,1,0,0,1,0,0,2,2,0,2,2,0,0,1,2,1,2,1,1,3,0,1,0,0,4,2,4,1,1,0,0,0,4,1,5,2,3,0,0,0,0,3,0,2,3,0,0,1,1,0,1,1,1,1,1,1,1,1,1,4,0,0,0,10,6,6,0,0,0,4,0,0,0,3,5,2,2,0,0,0,0,1,1,0,0,1,1,0,3,0,1,5,0
ASM241800,Lactobacillaceae_engineered,10,7,7,7,2,4,2,2,2,0,2,0,0,0,3,9,5,6,3,1,2,8,5,0,0,11,1,2,0,0,0,3,2,1,2,0,1,0,0,13,2,2,8,1,4,0,0,0,0,0,0,0,0,0,0,1,0,0,1,3,0,2,2,0,0,2,2,4,1,4,4,4,1,0,0,0,1,0,3,1,1,0,0,1,3,1,3,2,1,1,1,1,1,3,0,2,2,0,0,4,3,0,1,1,1,1,1,1,2,1,1,3,0,3,0,11,6,6,0,0,0,6,2,0,0,5,1,2,2,0,0,0,2,3,1,0,0,3,1,0,3,0,0,3,0
ASM241805,Lactobacillaceae_engineered,6,4,5,6,2,3,2,2,0,0,0,0,0,0,1,0,0,0,0,0,0,0,0,0,0,0,0,0,0,0,0,0,2,1,0,0,0,0,0,0,0,1,4,2,1,0,0,0,0,0,0,0,0,0,6,7,0,0,1,3,0,1,0,0,0,2,2,0,0,0,0,3,1,0,0,0,1,0,3,1,0,0,0,0,1,0,3,1,2,0,0,0,0,1,0,0,1,1,1,1,1,0,0,0,0,0,1,1,2,1,4,1,0,0,0,0,0,0,0,0,0,1,0,0,0,2,0,1,0,0,0,0,1,0,6,0,0,1,1,0,2,0,0,0,0
ASM241809,Lactobacillaceae_engineered,10,7,7,7,2,4,2,2,2,0,2,0,0,0,3,9,5,6,2,1,2,7,5,0,0,9,1,2,0,0,0,3,2,1,1,0,1,0,0,13,2,2,8,2,4,0,0,0,0,0,0,0,0,0,0,1,0,0,1,3,0,2,2,0,0,2,2,4,1,4,1,4,1,0,0,0,1,1,3,1,1,0,0,1,3,1,3,2,1,1,1,1,1,3,0,2,2,0,0,5,3,0,1,1,1,1,1,1,2,1,1,3,0,3,0,11,6,6,0,0,0,7,2,0,0,4,0,2,0,0,0,0,2,2,1,0,0,3,1,0,3,0,0,1,0
ASM241813,Lactobacillaceae_engineered,7,5,6,7,2,3,3,2,1,0,1,0,0,0,1,0,0,0,0,0,0,0,2,0,0,0,0,0,0,0,0,0,2,1,0,0,0,0,0,1,2,2,2,2,1,0,0,0,0,0,0,0,0,0,5,8,0,0,1,3,0,1,0,0,0,2,2,0,0,0,0,3,1,0,0,0,1,0,4,1,0,0,0,0,1,0,3,1,2,0,0,0,0,1,0,0,1,1,1,1,3,0,0,0,0,0,1,1,1,1,4,1,0,0,0,0,0,0,0,0,0,1,0,0,0,2,2,1,0,0,0,0,1,0,7,0,0,3,1,0,2,0,0,0,0
ASM242397,Lactobacillaceae_engineered,9,7,8,6,2,3,2,2,0,0,0,0,0,0,1,0,0,0,0,0,0,0,0,0,0,0,1,0,0,0,0,0,3,1,0,0,0,0,0,1,2,3,9,2,2,0,0,0,0,0,0,0,0,0,7,6,0,0,1,2,0,1,1,0,0,2,2,0,0,0,0,4,0,0,0,0,1,1,4,1,0,0,0,0,3,1,3,1,2,0,0,0,0,1,0,0,1,1,1,3,1,0,0,0,0,0,1,1,2,1,4,2,0,0,0,2,0,0,0,0,0,2,0,0,0,2,0,1,0,0,0,0,0,0,5,0,0,1,1,0,2,0,0,0,0
ASM242405,Lactobacillaceae_engineered,8,6,7,6,2,3,2,2,1,0,1,0,0,0,0,0,0,0,0,0,0,0,0,0,0,0,0,0,0,0,0,0,3,1,0,0,0,0,0,1,2,3,8,2,2,0,0,0,0,0,0,0,0,0,6,7,0,0,1,3,0,1,1,0,0,2,1,0,0,0,0,4,0,0,0,0,1,1,4,1,0,0,0,0,3,1,3,1,2,0,0,0,0,1,0,0,1,1,1,3,1,0,0,0,0,0,1,1,1,1,4,2,0,0,0,1,0,0,0,0,0,2,0,0,0,2,0,1,0,0,0,0,0,0,6,0,0,1,1,0,2,0,0,0,0
ASM242421,Ruminococcaceae_engineered,0,0,1,2,1,1,1,1,0,0,0,0,0,2,3,8,4,5,5,2,3,6,4,1,1,10,0,3,0,0,0,2,1,0,0,0,1,0,0,7,3,2,6,2,2,0,5,0,0,0,0,0,0,1,5,5,0,0,1,3,0,1,6,0,0,4,2,0,0,0,0,3,6,0,2,1,0,0,4,1,0,1,1,0,2,1,2,0,2,0,0,0,0,0,0,0,1,0,0,1,2,0,0,0,0,0,0,1,1,1,3,2,0,0,0,6,5,7,0,0,0,4,0,0,0,2,1,0,0,0,5,0,0,6,4,2,2,2,0,0,2,0,4,0,0
ASM242622,Clostridiaceae_engineered,6,4,6,5,1,1,3,0,5,1,4,0,0,0,0,5,1,1,0,0,0,7,0,1,1,1,0,0,0,0,0,1,6,1,0,0,0,3,0,6,3,4,3,2,1,0,0,0,0,0,0,0,0,0,0,1,0,0,0,3,2,0,7,0,0,3,2,0,0,0,0,4,0,0,0,0,0,0,0,1,0,4,0,0,3,1,3,0,3,0,1,0,0,5,0,0,0,0,0,2,4,1,0,0,0,0,1,0,1,0,0,2,0,0,0,7,3,5,0,1,0,3,0,0,1,4,2,0,2,0,1,0,0,0,1,0,0,4,0,0,3,2,0,3,0
ASM242639,Ruminococcaceae_engineered,5,4,5,3,1,0,3,0,3,2,1,1,0,0,3,7,5,4,7,2,2,6,2,1,1,10,0,4,0,0,0,1,3,1,1,0,1,0,0,8,2,3,7,2,3,0,0,0,0,0,0,0,0,0,5,5,0,0,1,2,1,1,6,0,0,2,2,0,0,0,4,4,1,0,1,1,4,0,3,1,0,1,0,0,3,1,5,2,3,0,0,0,0,2,0,0,2,0,1,1,2,0,0,0,0,0,1,1,2,1,4,3,0,1,0,6,4,7,0,0,0,3,0,0,0,3,0,2,1,0,6,0,0,8,4,1,1,2,0,0,4,0,0,2,0
ASM242657,Clostridiaceae_engineered,6,5,5,2,1,0,2,1,4,1,3,0,0,2,3,6,1,1,0,1,1,7,1,1,1,8,0,0,0,0,0,1,5,1,0,0,1,3,0,6,3,4,6,0,1,0,2,0,1,0,0,0,0,0,4,4,0,0,0,1,1,0,8,0,0,5,2,0,0,0,0,4,1,0,1,0,0,0,0,0,0,5,2,0,3,1,2,1,1,0,1,0,0,4,0,0,3,0,1,2,4,0,0,0,0,0,1,1,1,0,2,3,0,0,0,7,4,5,0,1,0,5,0,0,3,3,3,1,3,0,8,0,0,0,3,1,1,4,1,0,2,2,2,5,0
ASM242665,Ruminococcaceae_engineered,4,4,5,4,1,1,3,1,2,2,0,1,0,2,3,4,5,4,4,3,2,4,4,1,1,7,0,3,0,0,0,1,2,1,1,1,1,0,0,6,3,3,6,1,2,0,5,0,0,0,0,0,0,1,11,8,0,0,1,2,0,1,5,0,0,5,2,0,0,0,0,3,5,0,2,1,0,0,4,0,0,1,1,0,3,1,5,2,3,0,0,0,0,1,0,0,3,0,0,1,2,0,0,0,0,0,1,1,1,1,7,3,0,1,0,4,2,5,0,0,0,4,0,0,0,2,2,2,2,0,5,0,0,4,6,2,2,2,0,0,2,0,3,3,0
ASM242671,Lactobacillaceae_engineered,8,6,7,6,2,3,2,2,0,0,0,0,0,0,1,0,0,0,0,0,0,0,0,0,0,0,0,0,0,0,0,0,3,1,0,0,0,0,0,1,2,3,9,1,2,0,0,0,0,0,0,0,0,0,7,7,0,0,1,3,0,1,1,0,0,2,2,0,0,0,0,4,0,0,0,0,1,1,4,1,0,0,0,0,3,1,3,1,2,0,0,0,0,0,0,0,1,1,1,3,2,0,0,0,0,0,1,1,1,1,4,2,0,0,0,1,0,0,0,0,0,2,0,0,0,2,0,1,0,0,0,0,0,0,6,0,0,2,1,0,2,0,0,0,0
ASM242696,Ruminococcaceae_engineered,5,4,5,3,1,0,3,0,3,2,1,1,0,0,3,7,5,4,7,2,2,6,2,1,1,10,0,4,0,0,0,1,3,1,1,0,1,0,0,8,2,3,7,2,3,0,0,0,0,0,0,0,0,0,5,5,0,0,1,2,1,1,6,0,0,2,2,0,0,0,4,4,1,0,1,1,4,0,3,1,0,1,0,0,3,1,5,2,3,0,0,0,0,2,0,0,2,0,1,1,2,0,0,0,0,0,1,1,2,1,4,3,0,1,0,6,4,7,0,0,0,3,0,0,0,3,0,2,1,0,6,0,0,8,4,1,1,2,0,0,4,0,0,2,0
ASM242714,Clostridiaceae_engineered,6,4,6,4,1,1,2,0,5,1,4,0,0,0,0,4,1,1,0,0,2,7,0,1,1,1,0,0,0,0,0,1,6,1,0,0,0,3,0,2,3,4,2,2,1,0,0,0,0,0,0,0,0,0,0,1,0,0,0,3,2,0,6,0,0,3,2,0,0,0,0,3,0,0,0,0,0,0,2,1,0,4,1,0,3,1,3,0,3,0,1,0,0,5,0,0,0,0,0,2,4,1,0,0,0,0,1,0,1,0,0,2,0,0,0,6,2,4,0,1,0,3,0,0,1,4,3,0,2,0,1,0,0,0,1,0,0,4,0,0,3,2,0,3,0
ASM242725,Lactobacillaceae_engineered,8,6,7,5,2,3,1,2,0,0,0,0,0,0,0,0,0,0,0,0,0,0,0,0,0,0,1,0,0,0,0,0,2,1,0,0,0,0,0,1,2,3,9,2,2,0,0,0,0,0,0,0,0,0,7,7,0,0,1,2,0,1,1,0,0,2,2,0,0,0,0,4,0,0,0,0,1,1,5,1,0,0,0,0,3,1,2,1,1,0,0,0,0,1,0,0,1,1,1,3,1,0,0,0,0,0,1,1,2,1,4,2,0,0,0,2,0,0,0,0,0,2,0,0,0,2,0,1,0,0,0,0,0,0,6,0,0,1,0,0,1,0,0,0,0
ASM242860,Clostridiaceae_engineered,7,5,7,9,1,3,5,3,9,2,7,1,1,0,1,11,4,4,3,6,2,9,8,1,1,10,0,2,0,0,1,1,4,1,4,1,1,2,1,8,3,2,9,2,2,0,1,0,0,0,0,0,0,0,6,8,0,0,6,2,0,5,9,0,0,1,7,1,2,0,2,4,1,1,1,1,4,4,3,0,0,4,0,0,3,1,5,2,3,0,1,0,0,8,0,2,3,0,0,3,8,1,1,1,1,1,1,5,6,4,3,2,0,1,0,8,6,8,0,1,0,5,0,3,1,2,0,2,1,0,5,0,4,4,6,1,1,8,1,0,3,4,2,2,0
ASM243197,Ruminococcaceae_hosted,5,2,4,3,1,0,2,0,5,2,3,1,0,1,3,7,3,3,5,1,3,8,5,1,1,10,0,4,0,0,0,1,4,1,1,0,1,0,0,10,3,3,7,2,1,0,0,0,0,0,0,0,0,0,4,5,0,0,0,3,0,0,7,0,0,3,4,0,0,0,5,2,0,5,1,1,6,1,3,1,0,5,0,0,2,0,2,0,2,0,0,0,0,5,0,1,0,1,1,2,1,0,0,0,0,0,1,1,2,0,3,4,0,1,0,6,4,6,0,0,0,2,0,0,0,2,0,0,1,1,6,0,0,6,4,1,1,1,0,0,4,3,0,2,0
ASM243860,Ruminococcaceae_hosted,7,4,5,3,1,0,2,0,5,2,3,1,0,0,3,7,6,4,5,1,3,9,6,1,1,10,0,4,0,0,0,2,4,1,1,0,1,0,0,9,3,3,7,2,2,0,0,0,0,0,0,0,0,0,6,7,1,0,0,2,1,0,8,0,0,3,3,0,0,0,1,3,1,0,1,1,5,0,3,0,0,5,0,0,2,1,3,1,2,0,0,0,0,7,0,3,1,1,2,3,1,0,0,0,0,0,1,1,4,0,4,2,0,1,0,7,6,7,0,0,0,3,0,0,0,1,0,1,0,0,6,0,0,6,5,1,1,1,0,0,5,5,0,2,0
ASM244843,Ruminococcaceae_hosted,6,4,6,4,1,0,3,0,4,2,2,1,0,0,3,6,5,5,6,1,3,8,3,1,1,11,0,3,0,0,0,3,2,1,1,1,1,0,0,9,3,3,5,2,2,0,1,0,0,0,0,0,0,0,3,5,2,0,0,4,0,0,5,0,0,2,5,0,0,1,1,2,1,0,1,1,0,0,3,1,0,1,1,0,3,1,5,1,4,0,0,0,0,3,0,0,2,1,1,3,1,0,0,0,0,0,1,0,1,0,3,3,0,2,0,5,4,5,0,0,0,4,1,1,0,3,0,1,1,0,6,0,1,7,5,1,1,1,0,0,3,0,1,2,0
ASM244957,Ruminococcaceae_hosted,6,4,5,3,0,0,2,0,5,2,3,1,0,0,2,5,3,4,2,0,1,8,3,1,1,6,0,3,0,0,0,2,2,1,0,0,1,0,0,7,3,2,8,2,2,0,0,0,0,0,0,0,0,0,3,5,1,0,0,2,0,0,7,0,0,2,5,0,0,1,0,4,1,1,1,0,5,1,3,0,0,3,0,0,3,1,3,1,2,0,0,0,0,6,0,2,1,1,1,2,3,0,0,0,0,0,1,1,3,0,2,3,0,2,0,5,4,4,0,0,0,2,1,1,0,1,0,1,0,0,5,0,1,3,4,1,1,2,0,0,3,2,0,2,0
ASM244958,Ruminococcaceae_hosted,7,4,6,3,0,0,2,0,5,2,3,2,0,1,3,7,7,6,4,1,1,8,8,1,1,8,0,2,0,0,0,2,3,1,0,0,1,0,0,9,3,3,8,2,2,1,0,0,0,0,0,0,0,0,4,6,1,0,0,2,0,0,7,0,0,3,5,0,0,1,3,4,5,5,1,1,5,1,4,1,0,3,0,0,3,1,3,1,2,0,0,0,0,3,1,0,1,1,1,3,3,0,0,0,0,0,1,1,1,0,2,4,0,2,0,7,6,7,0,0,0,3,1,1,0,2,0,1,0,0,6,0,1,5,4,1,1,2,0,3,3,0,0,2,0
ASM247336,Ruminococcaceae_hosted,4,3,4,2,0,0,2,0,7,3,4,2,0,0,3,7,4,4,4,1,3,8,6,1,1,11,0,4,0,0,0,1,1,1,1,0,1,0,0,8,2,3,8,2,1,0,0,0,0,0,0,0,0,0,6,6,3,0,0,2,1,0,7,0,0,2,5,1,1,0,4,3,0,6,2,1,4,1,0,0,0,1,0,0,3,1,3,1,2,0,0,0,0,5,0,0,1,1,1,2,1,0,0,0,0,0,1,0,1,0,6,3,0,1,0,6,5,6,0,0,0,3,0,1,0,1,0,1,0,0,7,0,1,5,5,2,2,1,0,0,2,2,0,2,0
ASM247971,Ruminococcaceae_hosted,6,4,5,3,1,0,2,0,5,2,3,1,0,0,3,7,4,4,1,1,3,7,6,0,0,6,0,3,0,0,0,2,1,2,1,0,1,0,0,2,3,5,7,1,3,0,0,0,0,0,0,0,0,0,5,3,0,0,0,2,1,0,7,0,0,3,5,0,0,0,3,4,1,1,1,1,1,0,0,0,0,1,0,0,4,1,1,0,1,0,1,0,0,4,0,0,0,0,0,3,3,0,0,0,0,0,1,0,1,0,4,5,0,2,0,6,4,6,0,0,0,3,0,0,0,2,1,0,1,0,2,0,0,1,2,1,1,2,0,0,1,2,0,3,0
ASM249080,Ruminococcaceae_hosted,5,4,4,2,1,0,2,0,3,1,2,0,0,0,3,6,4,3,1,1,1,4,0,1,1,7,0,0,0,0,0,2,2,1,1,0,1,0,0,3,4,5,2,1,3,0,3,0,0,0,0,0,0,0,0,1,1,0,0,2,0,0,5,0,0,1,1,0,0,0,1,3,1,0,0,1,1,0,0,0,0,0,0,0,3,1,3,1,2,0,0,0,0,3,0,0,2,1,1,2,1,0,0,0,0,0,1,0,0,0,1,3,0,1,0,7,6,7,0,0,0,5,0,0,0,1,1,1,1,0,1,0,0,1,1,0,0,1,0,0,3,1,4,2,0
ASM249094,Ruminococcaceae_hosted,4,3,4,2,1,0,2,0,3,1,2,0,0,0,3,7,4,3,1,1,2,4,0,1,1,5,0,4,0,0,0,2,2,1,1,0,1,0,0,8,3,4,7,1,3,0,3,0,0,0,0,0,0,0,0,1,1,0,0,2,0,0,6,0,0,1,1,0,0,0,1,3,1,0,0,1,1,0,0,0,0,1,0,0,3,1,3,1,2,0,0,0,0,3,0,0,2,1,1,2,1,0,0,0,0,0,1,0,0,0,1,3,0,1,0,7,6,7,0,0,0,4,0,0,0,1,1,1,1,0,0,0,0,1,1,0,0,1,0,0,3,1,4,2,0
ASM249160,Ruminococcaceae_hosted,5,4,4,2,1,0,2,0,3,1,2,0,0,0,3,7,4,3,1,1,2,4,0,1,1,7,0,4,0,0,0,2,2,1,1,0,1,0,0,9,4,5,8,1,3,0,3,0,0,0,0,0,0,0,0,1,1,0,0,2,0,0,5,0,0,1,1,0,0,0,1,3,1,0,0,1,1,0,0,0,0,1,0,0,3,1,3,1,2,0,0,0,0,3,0,0,2,1,1,2,1,0,0,0,0,0,1,0,0,0,1,3,0,1,0,7,6,7,0,0,0,5,0,0,0,1,1,1,1,0,4,0,0,1,1,0,0,1,0,0,3,1,4,2,0
ASM314976,Clostridiaceae_hosted,2,0,1,2,2,0,1,0,3,0,3,0,0,0,1,6,2,1,0,1,2,7,0,1,1,0,0,0,0,0,0,1,3,0,0,0,0,3,0,8,2,3,9,1,3,0,0,0,0,0,0,0,0,0,5,5,1,0,0,1,1,1,7,0,0,3,2,0,0,0,2,4,5,3,3,0,5,0,2,1,0,2,3,0,3,1,1,0,1,0,0,0,0,3,0,0,0,0,0,1,3,1,1,1,1,1,0,1,2,1,3,2,0,0,0,8,4,5,0,1,0,3,0,0,0,4,0,0,2,0,4,0,0,0,4,3,3,3,0,0,2,2,0,2,0
ASM314987,Clostridiaceae_hosted,7,4,5,5,2,0,4,0,2,1,1,0,0,2,3,6,4,3,7,2,2,8,6,1,1,6,0,2,0,0,0,1,2,1,1,0,1,0,0,8,3,4,8,2,2,0,0,0,0,1,1,1,0,0,6,6,2,0,1,3,1,1,8,0,0,1,5,0,0,0,4,3,4,1,2,1,5,3,4,2,0,1,0,0,3,1,5,2,3,0,0,0,0,5,1,3,2,1,1,1,2,0,0,0,0,0,1,2,5,1,4,3,0,1,0,6,5,6,0,0,0,3,0,2,0,3,1,2,1,0,6,0,2,8,4,2,2,2,0,3,3,3,0,2,0
ASM334402,Ruminococcaceae_hosted,5,3,4,3,0,0,2,0,2,0,2,0,0,0,3,3,3,5,5,1,1,3,0,0,0,7,0,0,1,0,0,2,2,2,1,0,1,0,0,1,4,3,8,2,3,0,1,0,0,0,0,0,0,0,0,1,2,0,0,3,1,0,7,0,0,1,3,0,0,0,1,3,1,0,0,1,0,0,0,1,0,0,0,0,3,1,3,1,2,0,0,0,0,2,0,0,1,1,1,2,1,0,0,0,0,0,1,0,1,0,2,2,0,1,1,4,4,3,0,0,0,3,0,0,0,2,0,1,0,0,6,0,0,6,1,0,0,1,0,0,1,0,1,1,0
ASM344499,Lactobacillaceae_hosted,7,4,5,6,2,3,2,2,2,0,2,0,0,0,1,5,4,3,2,0,1,0,0,0,0,0,0,0,0,0,0,2,1,0,2,0,0,0,0,12,3,4,3,2,3,0,0,0,0,0,0,0,0,0,4,7,0,0,0,1,1,1,1,0,0,2,2,2,0,1,1,3,0,1,0,0,0,0,0,0,1,0,0,0,2,0,2,0,2,0,0,0,0,1,0,3,0,1,1,0,4,0,1,1,1,1,0,0,0,0,3,2,0,0,0,7,5,5,0,0,0,2,0,0,0,3,6,0,2,0,4,0,1,2,6,0,0,4,1,0,2,0,0,3,0
ASM344736,Ruminococcaceae_hosted,5,3,5,2,1,0,2,0,3,2,1,1,0,0,3,6,6,6,6,1,2,6,6,1,1,9,0,3,0,0,0,2,3,2,1,1,1,0,0,10,3,3,6,1,1,0,0,0,0,0,0,0,0,0,6,5,1,0,0,2,0,0,7,0,0,2,5,0,0,0,1,4,6,2,1,1,1,0,4,0,0,5,0,0,3,1,4,1,3,0,0,0,0,2,0,0,1,1,1,2,2,0,0,0,0,0,1,1,1,0,4,3,0,1,0,6,5,6,0,0,0,4,0,0,0,3,1,1,2,0,6,0,0,7,4,1,1,1,0,0,1,0,0,4,0
ASM344920,Ruminococcaceae_hosted,4,1,4,2,1,0,1,0,4,1,3,0,0,0,3,4,3,3,5,1,2,8,4,0,0,7,0,3,0,0,0,1,2,1,1,0,0,0,0,9,3,2,6,2,2,0,0,0,0,0,0,0,0,0,6,6,1,0,0,2,1,0,6,0,0,3,5,0,0,0,1,3,4,3,0,1,1,1,3,0,0,1,0,0,3,1,4,1,3,0,0,0,0,5,1,1,1,1,1,2,2,0,1,0,0,0,1,0,2,0,5,4,0,2,0,4,1,3,0,0,0,4,1,0,0,3,0,1,1,0,7,0,0,6,5,0,0,1,0,1,3,3,0,3,0
ASM345259,Lactobacillaceae_hosted,7,5,5,7,2,3,3,2,3,1,2,0,0,1,2,11,6,5,0,0,1,4,6,1,1,10,0,2,0,0,0,2,2,1,0,0,1,0,0,13,3,4,8,3,5,0,1,0,0,0,0,0,0,0,8,8,0,0,1,3,0,2,3,0,0,2,3,0,0,3,0,4,1,0,0,0,1,4,3,1,1,0,0,0,2,0,2,1,1,0,0,0,0,3,0,3,2,0,1,1,2,0,1,1,1,1,1,1,1,1,7,2,0,0,0,9,5,5,0,0,0,1,0,0,0,4,10,1,2,0,4,0,1,0,7,0,0,2,2,0,4,0,1,4,0
ASM345435,Ruminococcaceae_hosted,7,5,7,3,1,0,2,0,4,1,3,1,0,0,3,7,4,5,5,1,1,6,7,1,1,6,0,3,0,0,0,2,3,1,0,0,1,0,0,6,0,2,8,1,1,0,0,0,0,0,0,0,0,0,3,4,0,0,0,2,0,0,6,0,0,3,4,0,0,1,0,3,0,1,1,1,6,1,2,0,0,3,0,0,3,1,4,2,2,0,0,0,0,4,0,1,2,1,1,3,1,0,0,0,0,0,1,1,2,0,2,3,0,1,0,7,6,6,0,0,0,4,0,1,0,1,0,2,0,0,4,0,1,6,3,1,1,1,0,0,4,1,0,1,0
ASM345487,Lactobacillaceae_hosted,5,3,3,8,1,3,4,2,1,0,1,0,0,0,1,5,4,3,2,0,1,0,1,0,0,0,0,0,0,0,0,2,1,0,1,0,0,0,0,12,2,2,7,1,4,0,0,0,0,0,0,0,0,0,5,5,0,0,0,3,0,1,2,0,0,1,2,1,0,1,1,3,1,1,0,0,0,1,0,1,1,0,0,0,3,1,2,0,2,0,0,0,0,1,0,2,0,0,0,1,3,0,1,1,1,1,0,0,0,0,3,2,0,0,0,8,5,5,0,0,0,2,0,0,0,4,6,0,2,0,0,0,1,2,4,0,0,3,1,0,2,0,0,3,0
ASM348240,Lactobacillaceae_engineered,6,4,4,10,1,5,4,3,3,0,3,0,0,0,1,8,2,1,1,2,2,0,0,0,0,0,0,0,0,0,0,1,1,1,1,0,0,0,0,2,4,4,7,2,4,0,1,0,0,0,0,0,1,0,0,1,0,0,1,1,0,2,2,0,0,2,2,1,2,1,1,4,0,1,0,0,4,4,4,1,1,0,0,0,2,1,4,1,3,0,0,0,0,2,0,3,2,0,0,2,2,0,1,1,1,1,1,1,1,1,0,2,0,0,0,9,5,5,0,0,0,4,0,0,0,3,4,1,2,0,0,0,0,1,1,0,0,2,1,0,2,0,1,4,0
ASM348686,Ruminococcaceae_hosted,5,3,5,3,1,0,2,0,2,1,1,0,0,1,3,3,3,2,6,1,2,7,6,1,1,10,0,4,0,0,0,1,2,1,1,1,1,0,0,9,2,3,6,2,2,0,0,2,0,0,0,0,0,0,4,8,1,0,0,3,0,0,8,0,0,2,5,0,0,0,1,3,6,0,1,1,0,0,0,2,0,1,0,0,3,1,4,1,3,0,0,0,0,2,1,0,1,1,1,3,2,0,0,0,0,0,1,0,1,0,3,3,0,1,0,3,2,3,0,0,0,3,0,1,0,3,0,1,2,0,7,0,1,7,8,1,1,1,0,3,3,0,0,3,0
ASM348854,Ruminococcaceae_hosted,5,3,5,2,1,0,2,0,3,2,1,1,0,0,3,6,5,6,5,1,2,6,6,1,1,9,0,3,0,0,0,2,3,2,0,1,1,0,0,10,3,3,6,1,1,0,0,0,0,0,0,0,0,0,6,5,1,0,0,2,0,0,6,0,0,1,5,0,0,0,0,4,6,2,1,1,1,0,4,0,0,6,0,0,3,1,4,1,3,0,0,0,0,2,0,0,1,1,1,2,2,0,0,0,0,0,1,1,1,0,4,3,0,1,0,6,5,6,0,0,0,4,0,0,0,3,1,1,2,1,6,0,0,6,4,1,1,1,0,0,1,0,0,4,0
ASM349712,Clostridiaceae_engineered,5,4,5,3,0,0,2,0,6,1,5,0,0,1,2,5,5,2,6,1,2,8,6,1,1,8,0,3,1,0,0,1,7,2,2,0,1,2,0,9,2,4,14,2,2,0,2,0,0,0,0,0,0,0,6,5,3,0,2,1,1,2,4,0,0,5,4,0,1,0,4,4,4,6,3,0,5,3,3,1,0,3,0,0,3,1,3,1,2,0,1,0,0,5,0,2,1,0,2,5,4,0,0,0,0,0,2,2,3,2,4,6,0,1,1,6,3,4,0,1,1,9,0,0,0,2,0,1,0,0,0,0,1,7,4,3,3,4,2,0,5,3,2,0,0
ASM349978,Clostridiaceae_engineered,6,4,6,3,0,0,2,0,5,1,4,0,0,0,0,4,1,1,0,0,2,7,0,0,0,1,0,0,0,1,0,1,5,0,0,0,0,2,0,4,3,4,2,0,1,0,0,0,0,0,0,0,0,0,0,0,0,0,0,2,2,0,6,0,0,4,2,0,0,0,0,4,0,0,0,0,0,0,0,1,0,4,0,0,2,0,3,0,3,0,1,0,0,5,0,0,0,0,0,1,4,1,0,0,0,0,0,0,1,0,0,2,0,0,0,5,2,4,0,1,0,2,0,0,0,4,0,0,2,0,1,0,0,0,0,0,0,4,0,0,2,2,0,2,0
ASM350064,Lactobacillaceae_engineered,7,5,6,6,2,3,2,2,0,0,0,0,0,0,1,0,0,0,0,0,0,0,0,0,0,0,1,0,0,0,0,0,3,1,0,0,0,0,0,1,2,2,8,2,2,0,0,0,0,0,0,0,0,0,7,7,0,0,1,3,0,1,0,0,0,2,2,0,0,0,0,4,0,0,0,0,1,0,4,0,0,0,0,0,2,1,3,1,2,0,0,0,0,0,0,0,1,1,1,3,2,0,0,0,0,0,1,1,1,1,4,1,0,0,0,2,0,0,0,0,0,1,0,0,0,1,0,1,0,0,0,0,0,0,6,0,0,2,1,0,2,0,0,0,0
ASM350065,Clostridiaceae_engineered,4,4,5,2,0,0,2,0,4,1,3,0,0,0,0,4,1,1,0,0,0,5,0,1,1,1,0,0,0,0,0,1,6,1,0,0,0,2,0,6,2,4,5,1,1,0,0,0,0,0,0,0,0,0,0,0,0,0,0,3,1,0,6,0,0,2,2,0,0,0,0,3,0,0,0,0,0,0,0,1,0,4,0,0,2,0,3,0,3,0,0,0,0,4,0,0,0,0,0,1,4,1,0,0,0,0,1,0,1,0,0,2,0,0,0,6,3,3,0,1,0,2,0,0,1,3,2,0,2,0,1,0,0,0,0,0,0,4,0,0,3,2,0,2,0
ASM350092,Lactobacillaceae_engineered,8,6,6,7,2,4,2,3,5,1,4,0,0,0,2,9,3,5,1,4,2,8,4,0,0,11,1,2,0,0,1,2,2,1,2,0,1,0,0,14,1,2,8,2,2,0,2,0,0,0,0,0,0,0,6,5,0,0,1,2,0,1,1,0,0,1,2,1,2,1,3,3,6,9,0,1,2,0,4,0,1,0,0,1,3,1,3,2,1,0,0,0,0,3,0,3,4,0,0,2,4,0,0,0,0,0,1,1,1,1,6,2,0,3,0,9,4,5,0,0,0,3,2,0,0,3,3,3,2,0,0,0,1,1,5,0,0,4,1,0,4,0,2,5,0
ASM350384,Ruminococcaceae_hosted,4,3,3,2,1,0,2,0,3,2,1,1,0,1,3,6,5,6,6,1,2,6,6,1,1,9,0,3,0,0,0,2,3,2,1,0,1,0,0,10,3,3,5,1,1,0,0,0,0,0,0,0,0,0,6,5,1,0,0,2,0,0,7,0,0,1,4,0,0,0,1,4,6,2,1,1,1,0,4,1,0,7,0,0,3,1,2,1,1,0,0,0,0,2,0,0,1,0,0,2,2,0,0,0,0,0,1,1,1,0,4,3,0,1,0,6,5,6,0,0,0,4,0,0,0,4,1,1,4,0,6,0,0,7,4,1,1,1,0,0,1,0,0,6,0
ASM350721,Ruminococcaceae_hosted,8,4,6,7,0,0,5,0,2,1,1,0,0,3,3,7,4,3,8,1,2,9,6,0,0,9,0,4,0,0,0,1,4,3,1,0,0,0,1,7,3,2,6,2,2,0,6,0,0,0,0,0,0,0,4,5,0,0,0,1,0,0,10,0,0,2,4,0,0,0,1,4,3,7,2,1,1,0,3,0,0,4,0,1,3,1,5,1,4,0,0,0,0,2,1,0,3,1,1,2,0,0,0,0,0,0,3,1,1,0,2,4,0,0,0,7,5,8,0,0,0,4,0,0,2,4,5,1,2,0,7,0,0,8,4,2,2,0,0,0,4,0,6,3,0
ASM350881,Ruminococcaceae_hosted,4,3,4,2,1,0,2,0,3,2,1,1,0,1,3,6,5,6,6,1,2,6,6,1,1,9,0,3,0,0,0,2,3,2,1,1,1,0,0,10,3,3,6,1,1,0,0,0,0,0,0,0,0,0,6,5,1,0,0,2,0,0,7,0,0,1,4,0,0,0,1,4,6,2,1,1,1,0,4,1,0,7,0,0,3,1,3,1,2,0,0,0,0,2,0,0,1,0,0,2,2,0,0,0,0,0,1,1,1,0,4,3,0,1,0,6,5,6,0,0,0,4,0,0,0,3,1,1,2,1,6,0,0,7,4,1,1,1,0,0,1,0,0,4,0
ASM351380,Lactobacillaceae_hosted,9,6,8,6,2,3,2,2,2,0,2,0,0,1,3,8,5,5,2,2,2,2,0,0,0,0,1,0,0,0,0,2,2,1,1,0,0,0,0,13,3,4,9,3,6,0,0,0,0,0,0,0,0,0,5,8,0,0,0,3,0,1,3,0,0,2,2,2,0,1,2,4,0,0,0,1,0,1,1,2,1,0,0,0,3,1,5,2,3,0,0,0,0,2,0,2,2,1,1,3,3,0,1,1,1,1,1,0,0,0,4,2,0,0,0,10,5,7,0,0,0,3,0,0,0,4,0,2,2,0,4,0,1,2,6,0,0,3,1,0,3,0,0,5,0
ASM351438,Ruminococcaceae_hosted,6,4,6,4,1,0,3,1,4,1,3,0,0,2,3,7,3,3,3,1,2,5,0,1,1,1,0,4,0,0,0,2,2,1,2,1,1,0,0,8,2,2,7,2,3,0,4,0,1,1,1,1,0,0,0,1,3,0,0,3,1,0,7,1,0,3,2,0,0,0,2,3,1,1,0,1,0,4,0,3,0,1,0,0,3,1,4,1,3,0,0,0,0,3,0,1,3,1,1,2,3,0,0,0,0,0,1,0,1,0,0,2,0,2,0,6,5,7,0,0,0,6,0,0,0,2,0,1,0,0,5,0,0,3,1,0,0,1,0,0,3,1,3,1,0
ASM352162,Ruminococcaceae_hosted,5,3,5,3,1,0,2,0,2,1,1,0,0,0,3,6,4,3,5,1,3,8,6,1,1,10,0,3,0,0,0,2,1,1,1,1,1,0,0,9,3,3,5,2,2,0,0,0,0,0,0,0,0,0,3,5,1,0,0,4,0,0,8,0,0,2,5,1,0,0,4,4,0,1,0,1,0,0,1,1,0,1,0,0,3,1,4,1,3,0,0,0,0,2,0,0,1,1,1,3,2,0,0,0,0,0,1,0,1,0,3,3,0,2,0,5,4,5,0,0,0,3,1,1,0,2,0,1,0,0,6,0,1,6,5,0,0,1,0,0,2,0,0,1,0
ASM352218,Ruminococcaceae_hosted,6,3,4,7,0,0,6,0,2,2,0,1,0,4,3,6,3,4,6,1,3,4,0,1,1,8,0,0,0,0,0,2,3,1,2,0,1,0,0,7,2,2,7,2,2,0,2,1,0,2,2,2,0,0,8,10,0,0,1,4,1,1,7,0,0,3,5,0,0,0,2,3,2,3,0,1,0,0,5,4,0,3,0,0,3,1,4,1,3,0,0,0,0,1,1,0,2,0,0,3,2,0,0,0,0,0,1,1,1,1,4,3,0,1,0,7,5,8,0,0,0,4,0,0,2,5,1,1,1,0,5,0,0,7,8,0,0,2,0,0,3,0,6,4,0
ASM352466,Ruminococcaceae_hosted,5,2,4,3,0,0,2,0,3,1,2,1,0,1,2,7,3,3,6,0,2,7,6,1,1,13,0,3,0,0,0,1,4,1,1,0,0,0,0,9,2,2,5,2,1,0,0,0,0,0,0,0,0,0,4,5,0,0,0,3,1,0,4,0,0,3,5,0,0,0,5,2,0,3,1,0,6,0,3,1,0,5,0,0,3,1,3,1,2,0,0,0,0,3,0,1,1,1,1,2,2,0,0,0,0,0,1,1,1,0,3,4,0,0,0,6,4,6,0,0,0,3,0,0,0,2,0,1,1,1,5,0,0,7,4,1,1,1,0,0,4,3,0,3,0
ASM352684,Ruminococcaceae_hosted,6,3,4,3,1,0,2,1,4,2,2,1,1,0,3,7,3,3,5,1,2,8,6,1,1,8,0,4,0,0,0,2,3,1,1,0,1,0,0,9,3,3,9,2,2,0,3,0,0,0,0,0,0,0,0,1,0,0,0,2,0,0,8,0,0,2,5,0,0,0,1,2,2,1,0,1,0,2,4,1,1,1,0,0,3,1,3,1,2,0,0,0,0,3,0,0,3,1,2,2,1,0,0,0,0,0,1,0,1,0,2,3,0,1,0,7,5,7,0,0,0,5,0,1,0,4,1,1,2,1,5,0,1,6,1,0,0,1,0,0,3,0,3,3,0
ASM352988,Lactobacillaceae_hosted,8,5,6,6,2,3,2,2,4,3,1,2,0,0,3,8,4,2,1,2,1,6,5,0,0,11,0,2,0,0,0,2,2,1,1,0,0,0,0,13,2,4,7,2,2,0,0,0,0,0,0,0,0,0,6,8,0,0,0,3,0,1,3,0,0,2,6,0,0,1,1,4,0,1,0,1,0,1,0,1,1,0,0,0,2,0,4,2,2,0,0,0,0,3,0,0,2,1,1,0,3,0,1,1,1,1,1,0,0,0,3,3,0,0,0,9,5,6,0,0,0,2,0,0,0,4,0,2,2,0,4,0,1,1,6,0,0,3,1,0,3,0,0,3,0
ASM353325,Lactobacillaceae_engineered,8,5,6,7,2,3,3,2,1,0,1,0,0,0,3,6,5,3,0,0,0,0,0,0,0,0,2,0,0,0,0,2,2,1,0,0,0,0,0,2,2,3,9,2,3,0,0,0,0,0,0,0,0,0,5,2,0,0,0,3,0,1,2,0,0,2,2,0,1,0,0,4,0,1,0,0,1,3,0,1,1,0,0,0,3,1,3,1,2,0,0,0,0,2,0,0,1,1,1,2,6,0,1,1,1,1,1,0,1,0,4,2,0,0,0,9,5,5,0,0,0,2,0,0,0,3,0,1,0,0,0,0,1,0,1,0,0,6,1,0,3,0,0,0,0
ASM353431,Ruminococcaceae_hosted,4,3,4,2,1,0,2,1,3,2,1,1,1,1,3,6,2,3,5,1,2,8,6,1,1,8,0,3,0,0,0,1,3,1,1,0,1,0,0,8,2,3,9,3,1,0,4,0,0,0,0,0,0,0,0,1,2,0,0,3,0,0,9,0,0,3,4,0,0,0,1,2,2,0,0,1,0,2,0,2,1,1,0,0,3,1,3,1,2,0,0,0,0,2,0,0,3,1,1,2,2,0,0,0,0,0,1,0,1,0,0,3,0,1,0,6,4,6,0,1,0,4,0,1,0,4,1,1,2,0,6,0,1,6,1,0,0,2,0,0,3,0,3,3,0
ASM353483,Ruminococcaceae_hosted,6,4,6,3,1,0,2,0,2,1,1,0,0,2,3,5,4,3,6,1,2,7,6,1,1,10,0,4,0,0,0,2,2,1,1,1,1,0,0,9,2,3,6,2,2,0,0,0,0,0,0,0,0,0,4,8,1,0,0,3,0,0,8,0,0,2,5,0,0,0,1,3,6,0,1,1,0,0,3,3,0,1,0,0,3,1,4,1,3,0,0,0,0,2,1,0,1,1,1,3,2,0,0,0,0,0,1,0,1,0,3,3,0,0,0,5,4,5,0,0,0,3,0,1,0,3,0,1,2,0,6,0,1,7,8,1,1,1,0,3,3,0,0,3,0
ASM353507,Ruminococcaceae_engineered,2,2,3,2,1,0,2,0,3,2,1,1,0,0,3,6,6,6,6,0,2,5,2,0,0,12,0,1,0,0,0,2,3,1,1,0,1,0,0,7,2,2,4,0,2,0,0,0,0,0,0,0,0,0,9,6,0,0,1,2,1,1,5,0,0,3,3,0,0,0,1,2,1,0,1,0,4,1,2,1,0,3,0,0,3,1,4,2,2,0,0,0,0,2,0,0,2,0,0,1,2,0,0,0,0,0,1,2,2,1,6,3,0,0,0,7,5,8,0,0,0,3,0,0,0,3,0,2,2,1,5,0,0,7,4,1,1,2,1,0,3,0,0,3,0
ASM353509,Ruminococcaceae_hosted,6,4,6,3,1,0,2,0,2,1,1,0,0,0,3,5,4,3,6,1,2,7,6,1,1,10,0,4,0,0,0,2,2,1,1,1,1,0,0,9,2,3,6,2,2,0,0,0,0,0,0,0,0,0,4,8,1,0,0,3,0,0,8,0,0,2,5,0,0,0,1,3,5,1,1,1,1,0,3,1,0,1,0,0,3,1,4,1,3,0,0,0,0,2,1,0,1,1,1,3,2,0,0,0,0,0,1,0,1,0,3,3,0,1,0,5,4,5,0,0,0,3,0,1,0,3,0,1,2,0,6,0,1,7,8,1,1,1,0,3,3,0,0,3,0
ASM353893,Ruminococcaceae_hosted,3,2,4,2,1,0,2,0,3,2,1,1,0,0,3,6,5,6,5,1,2,6,7,1,1,9,0,3,0,0,0,2,2,1,1,1,1,0,0,10,1,4,5,2,1,0,0,0,0,0,0,0,0,0,6,5,1,0,0,2,0,0,6,0,0,1,4,0,0,0,1,5,6,2,1,1,1,0,4,0,0,7,0,0,3,1,3,1,2,0,1,0,0,2,0,0,1,0,0,2,3,0,0,0,0,0,0,1,1,0,4,2,0,1,0,6,5,6,0,0,0,4,0,0,0,3,1,1,2,1,5,0,0,6,4,1,1,1,0,0,0,0,0,4,0
ASM354057,Ruminococcaceae_hosted,4,3,3,2,1,0,2,0,3,2,1,1,0,1,3,6,5,6,6,1,2,6,6,1,1,9,0,3,0,0,0,2,3,2,1,0,1,0,0,10,3,3,5,1,1,0,0,0,0,0,0,0,0,0,6,5,1,0,0,2,0,0,7,0,0,1,4,0,0,0,1,4,6,2,1,1,1,0,4,1,0,7,0,0,3,1,2,1,1,0,0,0,0,2,0,0,1,0,0,2,2,0,0,0,0,0,1,1,1,0,4,3,0,1,0,6,5,6,0,0,0,4,0,0,0,4,1,1,4,0,6,0,0,7,4,1,1,1,0,0,1,0,0,6,0
ASM354157,Clostridiaceae_engineered,9,6,7,8,2,2,5,2,3,2,1,1,0,0,3,6,6,3,5,2,3,7,6,1,1,8,0,4,0,0,0,1,3,2,1,1,1,0,0,8,1,4,2,2,6,0,3,0,0,0,0,0,0,0,6,5,1,0,1,2,2,1,8,0,0,3,2,0,0,2,4,4,0,1,1,1,9,0,3,1,0,2,0,1,4,2,5,2,3,0,0,0,0,2,0,0,3,1,1,4,3,1,0,0,0,0,2,1,2,1,4,4,0,3,0,6,4,6,0,1,0,3,1,0,0,3,0,2,0,0,7,0,0,6,4,1,1,3,0,0,4,0,3,1,0
ASM386226,Lactobacillaceae_engineered,5,5,5,6,2,3,3,2,0,0,0,0,0,0,2,6,4,1,0,1,1,3,0,1,1,0,0,0,0,0,0,1,1,1,0,0,0,0,0,6,4,3,4,3,4,0,1,0,0,0,0,0,0,0,7,7,0,0,0,1,0,1,2,0,0,0,2,0,0,0,0,3,1,0,0,0,0,0,2,1,1,0,0,0,1,0,3,1,2,0,0,0,0,0,0,1,2,0,1,1,2,0,1,1,1,1,1,0,0,0,5,1,0,0,0,7,4,4,0,0,0,1,0,0,0,3,1,1,2,0,4,0,0,0,6,0,0,2,3,0,2,0,1,3,0
ASM386227,Lactobacillaceae_engineered,8,4,6,8,2,4,2,2,4,3,1,2,0,1,3,11,6,6,7,3,2,6,6,0,0,11,1,2,0,0,0,2,2,2,1,0,0,0,0,13,3,4,9,2,3,0,1,0,0,0,0,0,0,0,14,7,1,0,0,3,0,1,2,0,0,3,2,3,1,3,1,4,9,9,0,1,7,2,4,2,1,0,0,0,4,1,4,1,3,0,0,0,0,4,1,0,2,1,1,2,5,0,1,1,1,1,1,0,1,0,11,5,0,5,0,9,5,6,3,3,0,3,4,0,0,5,0,1,2,0,0,0,1,8,5,0,0,5,1,0,3,0,1,4,0
ASM386229,Lactobacillaceae_engineered,12,9,9,9,2,4,3,3,6,3,3,2,0,4,3,12,8,6,6,2,2,5,6,1,1,13,2,2,0,0,1,3,2,1,2,0,1,0,0,14,3,3,8,2,3,0,7,1,0,2,2,2,0,0,6,8,0,0,1,3,0,2,2,0,0,3,5,3,1,4,2,4,8,3,0,1,0,1,4,3,1,0,0,1,3,1,5,3,2,1,1,1,1,5,2,2,8,0,1,6,3,0,1,1,1,1,1,1,2,1,5,3,0,3,0,12,6,7,0,0,0,9,2,0,1,4,1,3,2,1,0,0,2,7,7,0,0,3,3,2,3,0,6,4,1
ASM98023,Ruminococcaceae_hosted,6,3,6,3,1,0,2,0,5,1,4,0,0,0,3,7,4,4,5,1,3,8,6,1,1,9,0,3,0,0,0,2,4,1,1,0,1,0,0,10,3,3,6,2,2,0,0,0,0,0,0,0,0,0,6,6,1,0,0,2,1,0,7,0,0,4,5,0,0,0,1,4,5,4,1,1,5,1,4,0,0,4,0,0,3,1,4,1,3,0,0,0,0,6,1,1,1,1,1,2,2,0,0,0,0,0,1,0,2,0,6,4,0,1,0,7,5,7,0,0,0,4,0,0,0,3,0,1,2,0,6,0,0,6,5,1,1,1,0,3,3,3,0,4,0
ASM98032,Clostridiaceae_hosted,6,4,4,3,1,0,2,1,3,2,1,1,0,0,3,7,4,3,5,1,2,8,6,1,1,8,0,4,0,0,0,2,3,1,1,0,1,0,0,7,4,4,9,2,1,0,4,0,0,0,0,0,0,0,0,1,1,0,0,2,0,0,9,0,0,2,5,0,0,0,1,2,2,1,0,1,1,4,0,1,0,1,0,0,3,1,3,1,2,0,0,0,0,2,0,0,3,1,1,2,1,0,0,0,0,0,1,1,0,0,1,3,0,1,0,7,5,7,0,0,0,4,0,0,0,4,1,1,2,1,7,0,0,6,1,0,0,1,0,0,3,0,3,3,0
ASM98038,Ruminococcaceae_hosted,5,3,5,2,1,0,2,0,3,2,1,1,0,0,3,6,5,6,6,1,2,6,6,1,1,9,0,3,0,0,0,2,3,2,1,0,1,0,0,10,3,3,5,1,1,0,0,0,0,0,0,0,0,0,6,5,1,0,0,2,0,0,7,0,0,1,5,0,0,0,1,4,6,2,1,1,1,0,4,0,0,6,0,0,3,1,4,1,3,0,0,0,0,2,0,0,1,1,1,2,2,0,0,0,0,0,1,1,1,0,4,3,0,1,0,6,5,6,0,0,0,4,0,0,0,3,1,1,2,0,6,0,0,7,4,1,1,1,0,0,1,0,0,4,0
ASM98070,Ruminococcaceae_hosted,5,2,3,3,1,0,2,0,7,3,4,2,0,1,3,7,5,4,5,1,3,7,6,0,0,10,0,4,0,0,0,2,4,1,1,0,1,0,0,1,3,3,2,2,2,0,0,0,0,0,0,0,0,0,7,7,0,0,0,2,0,0,7,0,0,3,5,0,0,0,1,0,5,4,1,1,5,1,3,1,0,4,0,0,3,1,3,1,2,0,0,0,0,5,0,0,1,1,1,2,2,0,0,0,0,0,1,0,1,0,6,3,0,1,0,7,5,7,0,0,0,4,0,0,0,3,0,1,2,0,7,0,0,6,5,1,1,1,0,0,3,2,0,4,0
CloBut_DORA_1_velvet,Clostridiaceae_hosted,8,5,7,9,1,1,7,3,2,1,1,0,0,2,3,14,7,6,8,2,2,10,6,1,1,14,1,6,0,0,0,3,3,0,1,0,1,2,0,10,4,4,8,2,6,0,5,0,0,0,0,0,0,0,6,5,0,0,0,1,1,0,7,0,0,4,4,1,2,1,4,3,5,5,2,1,5,5,4,4,0,5,1,0,2,1,6,1,5,0,0,0,0,2,3,0,6,1,1,6,3,1,0,0,0,0,0,0,1,0,4,2,0,3,0,13,9,11,0,3,1,6,0,0,4,6,0,1,2,2,5,0,0,9,4,2,2,3,1,2,2,0,7,2,1
